account_id,company_name,industry,region,plan,arr_eur,seats_purchased,active_users_30d,weekly_logins_30d,onboarding_completion_pct,feature_adoption_pct,support_tickets_90d,unresolved_tickets,csat,nps,days_since_csm_contact,account_age_months,days_to_renewal,expanded_before,churned
FD-1001,Customer 001,E-commerce,Nordics,Business,30400,38,20,59,99,72,3,1,4.6,33,25,6,127,No,No
FD-1002,Customer 002,Technology,CEE,Growth,13200,23,9,20,69,54,1,0,4.5,83,35,27,144,No,No
FD-1003,Customer 003,Travel,DACH,Business,33500,42,24,85,67,62,5,2,4.0,37,51,20,53,No,No
FD-1004,Customer 004,Fintech,Benelux,Business,26500,43,20,24,90,63,3,0,4.5,36,34,35,356,No,No
FD-1005,Customer 005,Healthcare,Nordics,Starter,4000,9,4,7,100,52,5,0,3.9,45,21,7,117,No,No
FD-1006,Customer 006,Media,Benelux,Enterprise,78600,140,90,156,83,79,3,0,4.0,39,19,5,215,Yes,No
FD-1007,Customer 007,Healthcare,Benelux,Business,23300,81,51,212,59,73,5,1,4.0,77,28,28,209,Yes,Yes
FD-1008,Customer 008,Healthcare,UK & Ireland,Business,32100,51,40,130,58,66,8,3,2.9,23,4,47,160,No,No
FD-1009,Customer 009,Media,UK & Ireland,Starter,3900,10,6,18,56,59,7,2,3.3,30,38,21,216,No,Yes
FD-1010,Customer 010,E-commerce,CEE,Growth,8000,23,19,19,50,86,2,2,3.3,45,65,21,209,Yes,No
FD-1011,Customer 011,Media,UK & Ireland,Growth,7700,27,15,24,84,63,5,0,4.6,82,50,12,33,No,No
FD-1012,Customer 012,Media,Nordics,Enterprise,80400,166,88,267,100,61,4,0,4.4,70,50,19,246,No,No
FD-1013,Customer 013,Professional Services,Benelux,Business,18900,59,42,93,82,70,6,0,4.5,87,91,20,46,No,No
FD-1014,Customer 014,Professional Services,Nordics,Business,22700,82,82,325,41,100,5,2,2.8,26,48,18,162,Yes,No
FD-1015,Customer 015,Travel,UK & Ireland,Growth,9400,21,6,21,79,39,4,0,3.4,32,29,22,136,No,Yes
FD-1016,Customer 016,Travel,UK & Ireland,Starter,3100,6,5,12,79,85,4,1,4.4,80,46,19,166,Yes,No
FD-1017,Customer 017,Travel,Benelux,Growth,9300,27,4,14,100,26,5,0,2.7,9,26,42,30,Yes,Yes
FD-1018,Customer 018,Technology,CEE,Starter,4600,11,8,33,56,73,1,0,4.7,61,86,22,258,Yes,No
FD-1019,Customer 019,Travel,Southern Europe,Business,18200,37,37,92,75,100,2,0,3.1,58,41,46,156,Yes,Yes
FD-1020,Customer 020,Travel,Nordics,Business,31900,58,41,125,100,79,5,0,4.7,96,37,38,26,Yes,No
FD-1021,Customer 021,Media,CEE,Business,32400,79,73,288,90,72,4,1,3.6,33,10,40,6,No,Yes
FD-1022,Customer 022,Fintech,Benelux,Growth,9700,29,13,23,92,56,5,0,4.8,53,60,36,199,No,No
FD-1023,Customer 023,Fintech,Nordics,Enterprise,51500,215,147,564,84,69,5,0,5.0,100,73,56,245,Yes,No
FD-1024,Customer 024,Fintech,Nordics,Enterprise,70200,157,92,121,88,62,5,0,3.0,36,24,17,202,No,No
FD-1025,Customer 025,Technology,CEE,Business,20000,68,32,98,96,51,5,0,4.6,65,5,59,265,No,No
FD-1026,Customer 026,Fintech,Benelux,Starter,3600,7,4,14,67,62,1,0,3.1,13,43,14,278,No,No
FD-1027,Customer 027,Professional Services,Southern Europe,Growth,13600,33,23,68,98,72,3,1,4.4,60,7,11,319,No,No
FD-1028,Customer 028,Professional Services,Benelux,Starter,5200,7,4,10,57,51,4,2,3.8,38,19,50,359,Yes,No
FD-1029,Customer 029,Technology,DACH,Starter,4600,10,6,18,88,50,4,0,4.3,36,10,54,324,Yes,No
FD-1030,Customer 030,Fintech,CEE,Business,23200,55,20,30,85,38,4,0,3.7,38,40,8,292,No,No
FD-1031,Customer 031,Technology,UK & Ireland,Business,29600,63,53,90,71,77,3,0,4.6,64,49,37,160,No,No
FD-1032,Customer 032,Media,DACH,Enterprise,74600,181,119,222,82,80,4,0,3.4,20,10,32,186,Yes,No
FD-1033,Customer 033,Travel,Southern Europe,Growth,9800,24,19,55,71,73,2,0,4.8,83,38,15,227,Yes,No
FD-1034,Customer 034,Media,DACH,Growth,11500,32,23,56,63,89,4,1,3.8,66,31,33,66,No,No
FD-1035,Customer 035,E-commerce,Nordics,Growth,7300,22,18,32,76,70,6,0,3.4,49,60,42,249,Yes,No
FD-1036,Customer 036,Professional Services,Benelux,Starter,3200,9,9,34,62,77,1,0,5.0,62,12,36,217,Yes,No
FD-1037,Customer 037,Fintech,CEE,Starter,4000,7,5,11,88,75,2,0,4.2,65,41,33,192,No,No
FD-1038,Customer 038,Healthcare,Nordics,Growth,8300,22,8,19,61,66,2,1,5.0,70,14,54,306,Yes,No
FD-1039,Customer 039,Technology,Nordics,Starter,3100,8,4,9,95,56,5,0,4.9,38,26,16,253,No,No
FD-1040,Customer 040,Media,Nordics,Business,32000,41,41,65,61,100,2,0,3.7,50,48,39,341,Yes,No
FD-1041,Customer 041,Fintech,UK & Ireland,Growth,13800,16,10,33,72,58,4,0,4.1,49,7,21,357,Yes,Yes
FD-1042,Customer 042,Media,Benelux,Business,27300,68,36,88,71,53,1,1,4.1,100,26,59,302,Yes,No
FD-1043,Customer 043,Technology,UK & Ireland,Business,32100,68,60,63,100,78,4,0,5.0,100,18,17,112,No,No
FD-1044,Customer 044,E-commerce,Nordics,Growth,13900,27,21,86,88,74,1,0,4.4,69,22,53,73,Yes,No
FD-1045,Customer 045,Fintech,CEE,Business,20400,36,16,58,78,37,9,1,4.2,53,18,39,113,No,No
FD-1046,Customer 046,Technology,Benelux,Business,25500,51,51,169,91,93,9,0,4.1,49,42,15,262,Yes,No
FD-1047,Customer 047,Healthcare,Nordics,Growth,9800,18,15,57,44,66,10,4,3.6,11,32,47,317,Yes,No
FD-1048,Customer 048,Travel,DACH,Growth,7700,29,13,51,81,44,5,1,4.8,25,65,16,322,Yes,No
FD-1049,Customer 049,Fintech,CEE,Business,30700,78,78,162,100,94,3,0,4.3,31,50,18,251,No,Yes
FD-1050,Customer 050,E-commerce,CEE,Starter,3800,6,4,12,84,82,2,0,4.0,42,76,22,250,Yes,No
FD-1051,Customer 051,Healthcare,Southern Europe,Starter,3900,10,3,9,83,40,6,1,3.8,-8,34,42,348,No,Yes
FD-1052,Customer 052,E-commerce,UK & Ireland,Starter,3100,6,6,11,92,100,2,0,3.9,29,42,25,252,No,No
FD-1053,Customer 053,E-commerce,Nordics,Business,21000,49,40,68,98,82,3,0,3.5,25,84,36,55,Yes,No
FD-1054,Customer 054,Media,Nordics,Business,33200,42,31,42,46,68,5,1,3.5,26,22,35,185,No,Yes
FD-1055,Customer 055,Healthcare,CEE,Business,18800,49,48,149,52,100,1,0,4.9,51,10,14,134,No,No
FD-1056,Customer 056,Professional Services,CEE,Business,21900,69,42,147,86,72,3,0,4.1,38,15,16,234,No,No
FD-1057,Customer 057,E-commerce,DACH,Growth,9200,32,20,69,69,67,9,1,4.4,91,10,20,234,No,No
FD-1058,Customer 058,Media,DACH,Growth,10500,18,12,24,100,53,4,0,2.9,30,63,15,111,No,No
FD-1059,Customer 059,Fintech,CEE,Starter,4200,9,8,13,76,81,3,0,4.5,43,99,56,113,Yes,No
FD-1060,Customer 060,Technology,DACH,Starter,3900,10,5,12,47,78,4,2,3.8,36,33,25,37,No,No
FD-1061,Customer 061,Media,Southern Europe,Business,19400,82,51,140,59,68,4,0,3.8,37,49,26,110,No,No
FD-1062,Customer 062,Media,DACH,Growth,8800,26,17,67,33,51,4,2,3.9,24,57,41,303,No,No
FD-1063,Customer 063,Professional Services,Southern Europe,Growth,12900,19,12,46,78,71,4,0,3.9,24,87,48,241,No,No
FD-1064,Customer 064,Travel,Nordics,Business,28700,66,27,106,79,66,3,0,3.0,40,97,42,345,No,Yes
FD-1065,Customer 065,Travel,DACH,Business,28900,51,26,97,74,39,2,0,4.7,51,5,34,339,No,No
FD-1066,Customer 066,Travel,Southern Europe,Growth,11700,33,13,53,100,36,7,1,4.3,26,19,59,314,No,No
FD-1067,Customer 067,E-commerce,Southern Europe,Growth,12300,22,16,40,100,80,2,0,4.1,45,30,55,69,No,Yes
FD-1068,Customer 068,Travel,UK & Ireland,Growth,7600,27,3,3,79,11,6,0,3.6,36,17,14,125,No,Yes
FD-1069,Customer 069,Media,Benelux,Starter,3600,5,4,5,44,73,5,2,3.0,-25,25,12,25,No,No
FD-1070,Customer 070,Travel,CEE,Growth,10800,22,11,25,93,57,4,0,4.3,50,41,25,38,No,No
FD-1071,Customer 071,Fintech,Southern Europe,Starter,3600,11,11,20,92,97,5,0,5.0,87,40,51,88,Yes,No
FD-1072,Customer 072,Professional Services,DACH,Growth,12900,26,16,25,88,57,4,0,4.3,60,56,58,106,No,No
FD-1073,Customer 073,Professional Services,Nordics,Business,26100,57,47,190,100,83,5,0,3.5,80,31,43,10,Yes,No
FD-1074,Customer 074,Travel,Nordics,Starter,4600,11,6,10,61,59,6,0,4.2,76,3,43,309,No,No
FD-1075,Customer 075,Fintech,Nordics,Starter,4800,11,7,28,100,71,4,1,4.1,77,23,16,195,No,No
FD-1076,Customer 076,Travel,Nordics,Growth,10600,20,19,65,65,84,4,1,4.5,100,38,37,241,No,Yes
FD-1077,Customer 077,Fintech,Benelux,Growth,13300,25,12,37,95,58,2,0,4.6,75,59,13,240,No,No
FD-1078,Customer 078,Fintech,UK & Ireland,Business,27900,59,35,111,52,90,0,0,2.4,7,53,34,353,No,No
FD-1079,Customer 079,Technology,UK & Ireland,Growth,12900,26,13,27,65,46,5,1,4.3,72,28,14,58,Yes,No
FD-1080,Customer 080,E-commerce,UK & Ireland,Business,23700,52,41,126,100,74,3,0,3.7,23,18,7,128,No,No
FD-1081,Customer 081,Fintech,UK & Ireland,Business,26400,47,43,69,77,88,1,0,3.4,30,29,59,116,Yes,No
FD-1082,Customer 082,Technology,CEE,Growth,10800,32,27,108,97,83,3,1,4.0,29,6,54,204,Yes,Yes
FD-1083,Customer 083,Professional Services,Benelux,Business,19800,81,72,142,86,100,1,0,4.4,62,19,42,194,Yes,Yes
FD-1084,Customer 084,Healthcare,Nordics,Starter,3700,11,6,11,80,51,7,0,3.3,11,66,39,290,No,Yes
FD-1085,Customer 085,Professional Services,Benelux,Starter,5000,12,4,13,100,38,6,0,4.6,43,29,16,207,No,No
FD-1086,Customer 086,Healthcare,UK & Ireland,Starter,4300,10,4,12,78,46,6,0,4.6,67,39,36,89,Yes,Yes
FD-1087,Customer 087,Fintech,DACH,Business,21000,73,54,132,50,83,2,0,4.1,42,9,46,208,Yes,No
FD-1088,Customer 088,E-commerce,Benelux,Growth,9500,29,29,88,68,79,4,1,3.6,-9,59,34,353,No,No
FD-1089,Customer 089,Technology,Southern Europe,Starter,3200,8,4,6,92,70,9,0,3.7,3,27,19,213,Yes,No
FD-1090,Customer 090,E-commerce,Nordics,Growth,7400,23,10,32,89,43,5,0,4.8,38,38,25,218,No,No
FD-1091,Customer 091,Fintech,Benelux,Starter,5000,6,3,6,54,85,4,1,3.1,1,44,51,68,No,Yes
FD-1092,Customer 092,Healthcare,UK & Ireland,Business,25500,67,26,49,69,41,7,1,4.6,67,57,17,7,Yes,Yes
FD-1093,Customer 093,Professional Services,Benelux,Growth,9300,20,16,24,72,93,4,2,3.9,45,34,58,80,Yes,No
FD-1094,Customer 094,Technology,Benelux,Growth,11200,19,11,23,75,100,3,1,4.0,66,27,46,14,Yes,No
FD-1095,Customer 095,Travel,Southern Europe,Growth,7200,25,19,39,57,76,2,1,3.0,35,11,54,168,Yes,No
FD-1096,Customer 096,Travel,Southern Europe,Business,22700,56,40,98,71,81,1,0,4.1,69,8,32,323,Yes,No
FD-1097,Customer 097,Travel,UK & Ireland,Growth,11900,18,6,10,69,57,4,2,4.3,64,34,15,166,No,Yes
FD-1098,Customer 098,E-commerce,DACH,Starter,4300,11,3,5,96,28,4,0,3.5,35,38,4,237,No,Yes
FD-1099,Customer 099,Healthcare,DACH,Starter,5200,11,7,19,97,55,5,0,4.5,80,43,34,313,No,Yes
FD-1100,Customer 100,Technology,CEE,Enterprise,71100,112,60,85,79,44,6,1,4.1,66,16,26,280,Yes,No
FD-1101,Customer 101,Travel,UK & Ireland,Enterprise,65100,91,33,106,75,36,4,2,3.6,41,20,9,239,No,Yes
FD-1102,Customer 102,Technology,DACH,Business,30800,52,50,201,85,100,2,0,4.7,88,33,56,288,Yes,No
FD-1103,Customer 103,Fintech,UK & Ireland,Starter,5000,10,9,21,67,74,2,0,2.9,-36,22,59,106,No,No
FD-1104,Customer 104,Media,DACH,Enterprise,75300,196,187,600,61,76,2,1,4.2,42,125,24,156,No,Yes
FD-1105,Customer 105,Media,UK & Ireland,Business,34200,42,30,39,65,61,3,0,5.0,61,19,41,149,Yes,Yes
FD-1106,Customer 106,Travel,DACH,Business,31100,74,37,42,71,64,2,1,4.8,88,40,26,293,No,No
FD-1107,Customer 107,Fintech,Benelux,Growth,13000,16,14,46,61,89,3,0,4.3,85,52,31,152,No,No
FD-1108,Customer 108,Technology,Benelux,Growth,8000,22,15,52,85,67,4,0,4.0,11,54,39,343,No,No
FD-1109,Customer 109,Technology,Southern Europe,Starter,4500,12,6,22,95,80,1,0,3.9,72,21,27,72,No,No
FD-1110,Customer 110,Professional Services,Benelux,Enterprise,63500,115,76,90,53,64,6,1,3.8,12,44,49,67,No,No
FD-1111,Customer 111,Technology,Nordics,Growth,10900,17,14,49,82,60,3,0,4.5,30,40,13,263,No,No
FD-1112,Customer 112,Fintech,CEE,Starter,4300,8,3,7,78,37,4,0,3.7,30,45,41,280,No,No
FD-1113,Customer 113,Technology,Benelux,Growth,13700,26,8,16,88,24,5,0,4.6,51,33,60,250,Yes,No
FD-1114,Customer 114,Professional Services,DACH,Growth,13800,32,20,31,82,62,3,1,5.0,34,53,52,116,Yes,No
FD-1115,Customer 115,E-commerce,Nordics,Starter,3400,12,8,33,56,69,3,2,3.9,55,36,5,8,Yes,Yes
FD-1116,Customer 116,Media,Benelux,Business,30300,39,16,19,59,40,4,1,3.3,40,10,9,121,Yes,No
FD-1117,Customer 117,Healthcare,DACH,Business,30600,42,23,84,83,67,2,0,3.4,51,35,39,173,No,No
FD-1118,Customer 118,Technology,Nordics,Business,23800,74,40,122,100,69,4,0,4.7,51,38,56,154,Yes,No
FD-1119,Customer 119,Travel,Southern Europe,Growth,8000,19,5,17,42,21,4,2,3.8,37,50,51,337,Yes,No
FD-1120,Customer 120,Fintech,DACH,Growth,7500,31,18,59,88,48,6,1,4.6,57,34,55,316,No,Yes
FD-1121,Customer 121,E-commerce,DACH,Growth,12400,27,16,60,100,77,5,0,4.0,80,89,11,284,Yes,No
FD-1122,Customer 122,E-commerce,UK & Ireland,Business,26200,41,35,56,79,77,2,0,4.6,-4,28,33,12,Yes,No
FD-1123,Customer 123,Media,Benelux,Starter,5200,11,4,4,92,43,6,1,4.0,22,20,45,50,No,Yes
FD-1124,Customer 124,Fintech,Benelux,Growth,10300,17,12,35,69,71,5,2,3.5,31,72,39,161,No,No
FD-1125,Customer 125,Professional Services,Nordics,Starter,5200,8,7,15,80,90,2,0,3.9,17,28,48,229,Yes,No
FD-1126,Customer 126,E-commerce,DACH,Growth,10000,25,24,34,53,85,7,3,3.1,15,32,15,250,No,Yes
FD-1127,Customer 127,Technology,UK & Ireland,Growth,12500,24,15,24,40,66,6,1,5.0,65,38,29,111,No,No
FD-1128,Customer 128,Professional Services,Nordics,Starter,2900,10,7,14,99,58,4,0,4.2,34,36,28,44,No,No
FD-1129,Customer 129,E-commerce,DACH,Starter,4100,9,5,6,64,54,5,2,4.3,52,45,57,123,Yes,Yes
FD-1130,Customer 130,Professional Services,Nordics,Growth,12600,33,27,32,74,78,2,0,3.9,54,48,14,291,Yes,No
FD-1131,Customer 131,E-commerce,CEE,Starter,5000,12,7,28,57,72,4,1,3.4,23,19,21,361,No,Yes
FD-1132,Customer 132,Technology,UK & Ireland,Enterprise,79500,156,156,312,57,82,3,2,3.8,28,12,4,345,No,No
FD-1133,Customer 133,Healthcare,Nordics,Growth,7400,16,12,50,79,71,6,2,4.6,54,13,11,219,Yes,No
FD-1134,Customer 134,Technology,CEE,Growth,9700,28,26,106,69,86,1,0,3.8,38,67,59,37,No,Yes
FD-1135,Customer 135,Professional Services,Southern Europe,Growth,7500,33,15,22,89,70,4,0,3.7,-3,26,52,354,No,Yes
FD-1136,Customer 136,Travel,Benelux,Starter,3000,7,5,16,90,85,5,1,4.2,58,52,18,60,Yes,No
FD-1137,Customer 137,Technology,Benelux,Enterprise,73400,149,149,435,88,87,4,0,4.5,46,49,43,101,No,No
FD-1138,Customer 138,Professional Services,Southern Europe,Growth,12000,22,11,35,86,50,8,3,4.8,91,32,37,356,Yes,Yes
FD-1139,Customer 139,Fintech,DACH,Business,31000,38,6,8,100,28,6,0,4.4,66,15,55,186,No,Yes
FD-1140,Customer 140,E-commerce,Benelux,Starter,4900,10,10,16,63,100,6,0,4.5,81,50,20,76,No,No
FD-1141,Customer 141,E-commerce,Nordics,Growth,12200,21,13,16,81,74,6,0,4.6,36,31,60,186,No,No
FD-1142,Customer 142,Technology,Southern Europe,Growth,12600,29,10,29,100,30,4,0,3.6,25,11,24,33,No,Yes
FD-1143,Customer 143,E-commerce,DACH,Enterprise,47100,195,95,395,100,52,7,2,3.5,3,22,44,118,Yes,No
FD-1144,Customer 144,Media,Benelux,Growth,8800,30,25,79,56,85,3,0,3.5,15,8,26,348,No,No
FD-1145,Customer 145,Healthcare,DACH,Growth,11400,22,16,52,76,62,4,0,3.4,56,22,41,112,No,Yes
FD-1146,Customer 146,Travel,UK & Ireland,Starter,4900,7,3,12,100,57,5,0,4.7,93,33,22,327,No,Yes
FD-1147,Customer 147,Healthcare,UK & Ireland,Growth,7200,29,22,70,91,99,2,0,4.4,28,28,51,201,Yes,Yes
FD-1148,Customer 148,Media,Southern Europe,Growth,10700,30,12,14,86,45,3,0,4.2,38,26,39,241,Yes,No
FD-1149,Customer 149,Fintech,UK & Ireland,Growth,11800,24,13,49,78,50,5,2,2.6,6,32,19,258,No,Yes
FD-1150,Customer 150,Healthcare,Southern Europe,Starter,2800,11,6,13,75,73,6,2,5.0,81,43,58,204,Yes,No
FD-1151,Customer 151,Healthcare,DACH,Business,24700,42,21,21,87,77,7,1,3.6,-6,55,44,17,Yes,No
FD-1152,Customer 152,Media,Southern Europe,Enterprise,82600,201,174,456,77,79,4,1,5.0,33,60,27,336,Yes,No
FD-1153,Customer 153,Fintech,Benelux,Starter,4400,5,4,16,81,88,1,0,3.4,39,17,10,176,No,No
FD-1154,Customer 154,E-commerce,Southern Europe,Growth,8800,17,11,20,83,72,2,1,3.6,-10,63,59,241,No,No
FD-1155,Customer 155,Technology,Nordics,Starter,4800,9,4,10,70,79,5,0,2.9,6,31,46,204,No,No
FD-1156,Customer 156,Travel,UK & Ireland,Business,23800,39,20,31,92,62,3,0,4.4,57,24,41,242,Yes,No
FD-1157,Customer 157,Fintech,UK & Ireland,Growth,12900,15,10,12,100,69,3,1,3.6,42,14,51,133,Yes,No
FD-1158,Customer 158,Media,CEE,Business,23000,35,27,34,50,70,5,2,3.3,22,2,38,309,No,Yes
FD-1159,Customer 159,Healthcare,Nordics,Business,27900,57,34,113,88,73,3,1,3.4,20,41,16,85,Yes,No
FD-1160,Customer 160,Technology,UK & Ireland,Business,24700,74,74,279,68,85,2,0,4.5,74,40,16,240,No,No
FD-1161,Customer 161,Healthcare,Nordics,Starter,3400,5,3,4,92,80,2,1,4.5,62,20,7,213,No,No
FD-1162,Customer 162,Fintech,UK & Ireland,Enterprise,82200,173,99,190,83,69,4,0,5.0,54,21,6,186,Yes,No
FD-1163,Customer 163,Professional Services,UK & Ireland,Starter,3200,11,7,11,96,50,3,0,3.9,41,28,45,12,No,Yes
FD-1164,Customer 164,Professional Services,Southern Europe,Starter,2900,6,4,4,100,69,5,1,4.3,59,24,52,145,No,No
FD-1165,Customer 165,Healthcare,Nordics,Growth,9500,17,10,28,85,67,2,0,3.5,68,17,12,22,No,No
FD-1166,Customer 166,Technology,Nordics,Growth,12000,31,21,68,100,72,3,0,4.1,63,12,36,186,No,No
FD-1167,Customer 167,Healthcare,Benelux,Business,31600,76,76,234,40,100,3,1,3.6,60,64,10,253,Yes,No
FD-1168,Customer 168,Media,DACH,Business,34800,62,42,94,100,56,7,1,4.4,40,22,27,193,No,No
FD-1169,Customer 169,Technology,DACH,Growth,9200,30,19,53,89,77,1,0,4.8,51,40,48,278,Yes,No
FD-1170,Customer 170,Technology,Nordics,Enterprise,62100,102,88,114,100,92,3,0,4.8,58,45,50,135,No,No
FD-1171,Customer 171,Technology,CEE,Growth,8100,22,15,22,60,70,4,0,3.6,30,41,58,115,Yes,No
FD-1172,Customer 172,Media,Benelux,Growth,11100,28,22,88,67,100,0,0,4.7,38,47,21,166,Yes,No
FD-1173,Customer 173,Media,Benelux,Starter,5200,7,4,14,85,60,6,0,4.2,76,41,58,87,Yes,Yes
FD-1174,Customer 174,Travel,UK & Ireland,Enterprise,74400,185,132,522,82,75,8,2,3.8,57,19,48,294,No,No
FD-1175,Customer 175,Technology,CEE,Starter,4200,8,5,20,87,50,4,2,3.6,26,25,22,297,Yes,No
FD-1176,Customer 176,Fintech,CEE,Starter,3700,10,7,22,100,60,5,1,3.9,55,63,22,155,Yes,No
FD-1177,Customer 177,Technology,Nordics,Growth,13400,23,15,60,50,73,2,0,5.0,73,21,9,291,Yes,No
FD-1178,Customer 178,E-commerce,Southern Europe,Enterprise,65900,137,109,254,100,87,3,0,4.4,69,31,56,14,Yes,No
FD-1179,Customer 179,E-commerce,Nordics,Enterprise,50600,118,95,96,82,75,3,1,4.2,18,43,14,60,No,No
FD-1180,Customer 180,Healthcare,Nordics,Business,24100,46,37,44,78,96,2,0,4.0,40,78,18,107,No,No
FD-1181,Customer 181,Travel,CEE,Enterprise,47800,185,129,174,56,66,5,0,5.0,67,59,26,145,Yes,Yes
FD-1182,Customer 182,Media,UK & Ireland,Enterprise,53500,105,60,78,91,61,5,0,4.9,79,15,10,88,No,Yes
FD-1183,Customer 183,Technology,Nordics,Growth,7300,16,12,26,39,100,2,0,3.6,19,39,49,189,No,No
FD-1184,Customer 184,Professional Services,Benelux,Growth,10200,17,10,32,94,77,6,0,4.1,-9,36,43,291,No,No
FD-1185,Customer 185,Professional Services,Southern Europe,Business,28700,44,28,99,55,52,9,1,3.9,17,25,12,169,Yes,No
FD-1186,Customer 186,Professional Services,CEE,Business,23800,76,37,107,83,53,3,0,4.3,49,31,12,167,No,No
FD-1187,Customer 187,E-commerce,UK & Ireland,Growth,10000,22,13,19,80,47,6,0,3.8,39,19,4,26,No,No
FD-1188,Customer 188,Healthcare,UK & Ireland,Starter,5100,12,9,31,100,89,2,0,4.5,93,27,58,106,No,No
FD-1189,Customer 189,Media,Benelux,Business,30600,42,25,53,79,60,1,0,5.0,81,21,28,296,Yes,No
FD-1190,Customer 190,Travel,UK & Ireland,Starter,4100,9,9,9,70,71,1,1,3.3,27,33,41,297,Yes,No
FD-1191,Customer 191,Healthcare,Southern Europe,Enterprise,57000,147,75,142,73,67,4,0,3.5,30,24,11,42,No,No
FD-1192,Customer 192,E-commerce,DACH,Starter,5000,8,4,8,100,84,6,0,4.0,67,82,16,11,No,No
FD-1193,Customer 193,Professional Services,Benelux,Starter,3300,11,6,11,92,49,3,0,4.0,30,34,34,304,Yes,No
FD-1194,Customer 194,E-commerce,UK & Ireland,Business,23500,84,30,108,75,44,3,0,5.0,65,30,15,67,No,No
FD-1195,Customer 195,Media,Southern Europe,Starter,5000,11,8,27,78,73,6,0,4.7,37,26,38,212,Yes,No
FD-1196,Customer 196,Travel,CEE,Starter,4000,6,4,13,54,81,4,2,4.4,84,24,56,303,Yes,No
FD-1197,Customer 197,E-commerce,Southern Europe,Growth,12200,18,13,19,89,75,3,0,4.1,54,11,20,289,Yes,No
FD-1198,Customer 198,Professional Services,Nordics,Business,27900,68,26,93,50,50,2,1,3.8,22,52,38,203,No,Yes
FD-1199,Customer 199,Technology,CEE,Starter,4300,7,5,16,96,83,3,0,3.4,25,72,56,140,No,No
FD-1200,Customer 200,Technology,Nordics,Growth,9200,28,15,24,84,52,4,0,4.6,69,21,54,284,No,No
FD-1201,Customer 201,Healthcare,Benelux,Business,22100,63,28,86,100,57,3,0,4.5,50,63,3,255,No,Yes
FD-1202,Customer 202,Healthcare,CEE,Enterprise,58500,160,62,158,62,47,5,0,4.8,51,124,9,307,Yes,No
FD-1203,Customer 203,Healthcare,Nordics,Growth,8200,30,26,63,80,97,4,1,4.0,29,97,60,190,No,No
FD-1204,Customer 204,Technology,Benelux,Starter,4900,10,6,8,100,82,3,0,4.2,55,70,56,345,Yes,No
FD-1205,Customer 205,Fintech,Nordics,Starter,3400,5,4,11,100,81,5,0,4.3,43,13,21,282,No,No
FD-1206,Customer 206,Professional Services,Benelux,Starter,4100,5,5,7,69,95,4,0,4.6,48,12,33,27,Yes,No
FD-1207,Customer 207,E-commerce,Nordics,Starter,4700,9,8,12,86,100,3,2,3.2,-6,47,36,111,Yes,No
FD-1208,Customer 208,Healthcare,Southern Europe,Business,31200,59,16,23,82,30,4,2,4.4,55,31,41,293,No,Yes
FD-1209,Customer 209,Professional Services,Nordics,Starter,3800,7,3,12,87,52,3,0,4.2,44,5,46,46,No,No
FD-1210,Customer 210,Healthcare,Southern Europe,Growth,10400,22,10,19,69,54,1,1,3.5,23,23,24,260,Yes,No
FD-1211,Customer 211,E-commerce,Southern Europe,Business,34700,73,38,81,80,49,3,0,3.0,22,46,54,127,No,Yes
FD-1212,Customer 212,Fintech,DACH,Growth,11700,30,16,32,53,44,5,2,3.8,54,28,6,79,Yes,No
FD-1213,Customer 213,Fintech,Southern Europe,Starter,4800,9,5,19,84,61,2,1,4.9,81,31,4,199,Yes,No
FD-1214,Customer 214,E-commerce,Southern Europe,Business,33200,54,23,64,90,41,3,0,5.0,80,12,58,341,Yes,No
FD-1215,Customer 215,Technology,Nordics,Business,31200,49,33,130,78,75,5,1,4.3,45,23,13,329,Yes,No
FD-1216,Customer 216,Healthcare,Southern Europe,Business,21100,61,43,84,53,69,4,1,5.0,56,47,60,150,No,No
FD-1217,Customer 217,Travel,Southern Europe,Starter,4100,7,7,10,100,79,1,0,4.2,25,22,19,6,Yes,No
FD-1218,Customer 218,Healthcare,UK & Ireland,Starter,3000,9,7,19,89,79,3,0,4.7,47,66,24,325,Yes,No
FD-1219,Customer 219,Media,Southern Europe,Enterprise,72400,176,90,190,69,81,3,0,3.9,41,32,4,328,Yes,No
FD-1220,Customer 220,Media,Southern Europe,Growth,13600,15,9,32,77,60,7,0,3.9,23,41,57,223,No,No
FD-1221,Customer 221,Technology,CEE,Growth,10600,14,14,53,55,100,1,1,3.6,35,46,23,231,Yes,No
FD-1222,Customer 222,Media,Southern Europe,Growth,10100,18,12,30,64,73,5,1,2.9,-6,45,12,195,Yes,Yes
FD-1223,Customer 223,Professional Services,UK & Ireland,Business,18600,80,24,99,72,27,3,0,4.8,26,15,31,9,Yes,No
FD-1224,Customer 224,Healthcare,DACH,Enterprise,85300,172,65,180,100,46,5,1,3.8,56,17,11,62,No,No
FD-1225,Customer 225,Travel,Benelux,Growth,7900,17,3,6,70,30,3,1,3.6,23,5,48,56,No,Yes
FD-1226,Customer 226,Travel,UK & Ireland,Enterprise,46700,203,135,346,94,68,5,0,3.6,15,25,7,335,Yes,No
FD-1227,Customer 227,E-commerce,UK & Ireland,Starter,3300,8,3,3,72,65,7,1,3.9,16,16,31,22,No,No
FD-1228,Customer 228,Media,Southern Europe,Growth,7600,23,12,43,86,58,3,0,5.0,77,21,25,205,Yes,No
FD-1229,Customer 229,Healthcare,Southern Europe,Business,25600,82,82,109,79,100,4,1,5.0,98,26,5,135,Yes,No
FD-1230,Customer 230,Technology,Southern Europe,Starter,4000,5,2,4,98,80,3,0,3.3,17,35,6,7,Yes,No
FD-1231,Customer 231,Professional Services,UK & Ireland,Starter,3500,6,4,11,72,84,2,0,3.9,36,28,33,336,Yes,No
FD-1232,Customer 232,Travel,Benelux,Growth,7500,25,9,10,54,48,4,2,3.3,49,28,25,11,No,No
FD-1233,Customer 233,Travel,DACH,Enterprise,49700,115,50,63,57,46,3,1,4.5,16,39,10,313,No,Yes
FD-1234,Customer 234,Travel,Benelux,Growth,9800,27,16,52,72,69,6,2,4.1,89,30,11,285,No,Yes
FD-1235,Customer 235,E-commerce,Nordics,Enterprise,47500,117,101,124,60,72,2,0,3.7,89,54,49,291,No,No
FD-1236,Customer 236,E-commerce,DACH,Business,29700,40,12,30,89,27,5,1,4.2,-12,30,45,63,No,Yes
FD-1237,Customer 237,Media,Southern Europe,Growth,8600,18,12,25,74,64,2,0,3.9,38,78,38,323,Yes,No
FD-1238,Customer 238,Technology,UK & Ireland,Business,23100,56,37,64,100,68,7,0,5.0,52,14,51,221,No,No
FD-1239,Customer 239,Travel,Benelux,Starter,3700,6,4,6,51,63,6,2,4.2,42,24,7,150,Yes,Yes
FD-1240,Customer 240,Healthcare,DACH,Starter,3700,6,2,7,86,50,4,1,4.5,46,19,42,250,No,No
FD-1241,Customer 241,Healthcare,Southern Europe,Business,18000,78,48,194,62,56,2,0,2.6,26,35,46,128,No,No
FD-1242,Customer 242,Fintech,UK & Ireland,Business,19900,51,24,35,73,64,1,0,4.1,43,14,14,105,Yes,Yes
FD-1243,Customer 243,Travel,Southern Europe,Starter,4900,7,5,20,85,70,6,0,5.0,48,9,34,109,Yes,No
FD-1244,Customer 244,Media,Southern Europe,Growth,7200,15,14,41,40,81,2,0,4.7,57,16,47,210,Yes,No
FD-1245,Customer 245,Technology,DACH,Growth,10600,21,19,58,86,92,1,0,3.2,34,10,38,221,Yes,No
FD-1246,Customer 246,Fintech,CEE,Business,26200,48,27,88,100,62,6,0,4.1,19,27,17,91,Yes,No
FD-1247,Customer 247,Travel,DACH,Growth,9400,26,15,49,74,58,5,1,3.4,-8,34,41,93,Yes,No
FD-1248,Customer 248,Technology,DACH,Growth,10100,18,6,22,87,78,3,1,5.0,100,8,47,346,No,No
FD-1249,Customer 249,Media,Nordics,Growth,12400,31,25,64,100,81,4,0,4.4,39,23,3,190,Yes,No
FD-1250,Customer 250,Professional Services,DACH,Growth,12900,32,17,46,79,58,5,0,3.7,32,59,35,315,No,No
FD-1251,Customer 251,Fintech,Southern Europe,Business,22400,40,32,65,72,85,1,0,4.2,39,70,32,124,Yes,No
FD-1252,Customer 252,Travel,Benelux,Business,23400,41,40,53,41,90,10,2,2.4,15,50,24,108,Yes,Yes
FD-1253,Customer 253,Fintech,UK & Ireland,Growth,8800,16,14,44,94,96,3,0,3.6,72,3,5,107,Yes,No
FD-1254,Customer 254,Technology,Nordics,Starter,3900,9,7,8,80,100,3,0,4.2,61,32,7,195,No,No
FD-1255,Customer 255,Technology,UK & Ireland,Starter,4400,6,3,6,64,49,7,1,4.5,22,64,46,286,No,No
FD-1256,Customer 256,Media,UK & Ireland,Business,21800,77,50,65,84,68,3,1,3.0,-12,22,50,185,Yes,No
FD-1257,Customer 257,Travel,UK & Ireland,Business,23600,73,48,77,71,68,6,1,3.8,29,12,27,111,Yes,No
FD-1258,Customer 258,E-commerce,UK & Ireland,Starter,5000,11,7,21,72,66,2,0,4.7,55,61,57,351,Yes,No
FD-1259,Customer 259,Travel,Southern Europe,Starter,2800,8,5,15,93,54,4,0,3.4,-10,66,56,211,No,No
FD-1260,Customer 260,Fintech,CEE,Growth,10300,34,9,21,58,35,6,2,4.0,61,30,41,147,No,No
FD-1261,Customer 261,Technology,CEE,Starter,4500,5,3,4,100,70,4,0,4.3,27,12,36,8,No,No
FD-1262,Customer 262,Fintech,UK & Ireland,Business,20500,55,33,79,57,51,3,0,5.0,100,7,58,207,No,No
FD-1263,Customer 263,Travel,CEE,Growth,7500,20,9,19,70,70,3,1,3.9,81,38,38,229,No,Yes
FD-1264,Customer 264,Professional Services,Nordics,Starter,3000,12,6,20,100,51,4,0,4.2,43,19,57,340,No,No
FD-1265,Customer 265,Travel,Nordics,Enterprise,83600,163,61,174,100,44,3,0,4.7,70,29,59,88,No,No
FD-1266,Customer 266,Healthcare,Benelux,Starter,2700,11,7,18,84,73,1,0,3.5,3,27,14,63,No,No
FD-1267,Customer 267,E-commerce,Southern Europe,Growth,8500,17,10,26,65,71,5,1,3.9,54,16,41,365,Yes,No
FD-1268,Customer 268,Healthcare,DACH,Starter,2800,12,9,37,72,81,3,0,3.9,30,7,45,203,No,No
FD-1269,Customer 269,E-commerce,Nordics,Starter,3000,8,8,27,83,100,3,0,4.1,22,22,50,14,Yes,No
FD-1270,Customer 270,Technology,Benelux,Starter,4300,8,4,10,83,74,2,0,4.6,52,33,23,43,Yes,No
FD-1271,Customer 271,Travel,Benelux,Starter,3300,12,7,18,80,79,3,0,4.5,45,34,52,176,Yes,No
FD-1272,Customer 272,E-commerce,DACH,Starter,4100,7,2,2,81,44,7,2,3.6,26,18,31,227,No,Yes
FD-1273,Customer 273,Fintech,CEE,Starter,4200,8,4,16,78,40,4,2,4.1,66,65,25,92,Yes,No
FD-1274,Customer 274,Media,DACH,Growth,12900,25,22,44,56,100,2,0,4.9,48,13,12,137,Yes,No
FD-1275,Customer 275,Technology,Benelux,Business,18100,42,19,35,73,48,2,0,3.7,74,56,21,270,No,Yes
FD-1276,Customer 276,Media,DACH,Growth,12900,20,8,34,98,45,4,0,4.3,21,33,59,354,No,No
FD-1277,Customer 277,E-commerce,UK & Ireland,Growth,11400,18,9,30,57,67,6,4,3.6,69,22,44,182,No,Yes
FD-1278,Customer 278,Fintech,CEE,Growth,8300,16,10,12,79,66,7,2,4.0,21,41,45,154,Yes,No
FD-1279,Customer 279,Fintech,Nordics,Business,31000,78,52,62,67,48,7,0,3.2,23,26,54,135,No,Yes
FD-1280,Customer 280,Media,DACH,Business,32400,64,47,51,84,61,3,0,5.0,57,9,18,54,No,No
FD-1281,Customer 281,Professional Services,UK & Ireland,Starter,3300,7,5,15,75,95,1,0,3.7,28,12,41,24,Yes,No
FD-1282,Customer 282,Technology,UK & Ireland,Starter,5000,8,4,5,100,50,3,0,4.8,81,24,24,306,No,No
FD-1283,Customer 283,E-commerce,DACH,Starter,3800,8,2,8,91,37,7,0,3.9,73,20,52,18,No,Yes
FD-1284,Customer 284,Technology,CEE,Starter,4200,9,5,20,58,89,3,1,3.6,59,55,27,301,No,No
FD-1285,Customer 285,Professional Services,DACH,Growth,13800,32,29,80,94,79,3,0,4.9,57,19,52,94,No,Yes
FD-1286,Customer 286,Healthcare,UK & Ireland,Growth,9600,32,20,59,68,54,2,0,4.7,65,18,46,255,No,No
FD-1287,Customer 287,Media,CEE,Starter,4700,8,3,6,72,33,6,1,4.2,31,17,47,348,Yes,No
FD-1288,Customer 288,Healthcare,CEE,Growth,9300,20,9,11,88,52,6,0,4.6,36,16,56,275,No,No
FD-1289,Customer 289,E-commerce,DACH,Growth,12600,23,14,47,73,67,2,0,4.0,18,16,48,268,No,No
FD-1290,Customer 290,Media,Nordics,Starter,4200,9,9,12,98,94,2,0,4.2,38,10,21,100,Yes,No
FD-1291,Customer 291,E-commerce,Nordics,Business,21600,58,27,34,68,45,3,1,3.7,41,33,33,220,No,Yes
FD-1292,Customer 292,Professional Services,Nordics,Starter,3700,9,5,10,71,66,1,0,4.6,16,27,30,236,Yes,No
FD-1293,Customer 293,Media,DACH,Enterprise,58300,160,87,90,70,83,3,1,3.7,34,26,6,158,No,No
FD-1294,Customer 294,Fintech,Benelux,Starter,2900,7,1,2,72,16,5,1,4.9,99,8,37,18,No,No
FD-1295,Customer 295,E-commerce,CEE,Business,18500,52,52,170,100,91,5,0,4.1,70,39,28,334,Yes,No
FD-1296,Customer 296,Healthcare,Benelux,Enterprise,59600,138,43,153,93,42,8,0,4.2,35,42,25,76,Yes,No
FD-1297,Customer 297,Media,CEE,Enterprise,45800,102,81,238,100,75,4,0,4.7,30,76,9,356,Yes,No
FD-1298,Customer 298,Professional Services,UK & Ireland,Business,20800,43,32,119,100,73,1,0,4.3,61,40,32,341,No,No
FD-1299,Customer 299,Technology,Nordics,Business,30200,71,71,163,63,92,1,0,3.9,-10,85,36,11,No,No
FD-1300,Customer 300,Fintech,CEE,Business,29900,55,49,182,83,80,1,0,4.2,72,18,9,271,No,No
FD-1301,Customer 301,Technology,Nordics,Business,30400,46,6,16,61,16,4,0,4.6,53,78,39,233,Yes,No
FD-1302,Customer 302,Healthcare,CEE,Starter,3500,9,3,5,68,51,8,1,3.7,76,41,12,88,No,No
FD-1303,Customer 303,Fintech,Southern Europe,Growth,13200,29,18,72,71,71,4,1,4.0,5,38,11,298,No,No
FD-1304,Customer 304,Professional Services,CEE,Growth,11200,19,13,24,63,64,1,0,4.1,66,26,26,45,No,No
FD-1305,Customer 305,Healthcare,CEE,Business,20100,76,51,55,63,79,3,1,4.5,53,22,25,94,No,No
FD-1306,Customer 306,E-commerce,Nordics,Growth,8200,32,22,39,79,85,4,0,4.1,38,19,56,347,Yes,No
FD-1307,Customer 307,E-commerce,Benelux,Growth,11900,26,13,28,60,81,1,0,5.0,38,80,6,273,Yes,Yes
FD-1308,Customer 308,Professional Services,Nordics,Business,20900,68,54,115,97,63,6,0,4.2,61,25,23,45,No,No
FD-1309,Customer 309,Healthcare,DACH,Starter,4000,5,1,3,65,27,8,3,3.7,50,41,45,57,No,Yes
FD-1310,Customer 310,Travel,Nordics,Starter,5200,12,8,31,100,58,4,1,4.1,85,47,17,97,Yes,No
FD-1311,Customer 311,Healthcare,CEE,Growth,7200,22,19,37,74,77,4,0,3.4,50,47,59,30,No,No
FD-1312,Customer 312,Professional Services,UK & Ireland,Growth,7300,32,15,40,83,44,4,0,3.6,20,34,46,70,No,No
FD-1313,Customer 313,Media,DACH,Starter,5200,9,7,15,59,82,6,1,3.7,13,77,57,211,No,No
FD-1314,Customer 314,Technology,Southern Europe,Growth,11100,14,11,40,100,88,2,0,4.9,35,39,58,7,Yes,No
FD-1315,Customer 315,E-commerce,Southern Europe,Growth,8100,15,9,14,100,71,2,0,4.2,80,18,9,108,No,No
FD-1316,Customer 316,Technology,Nordics,Growth,13200,27,2,3,87,5,7,0,3.9,23,23,29,118,No,No
FD-1317,Customer 317,Media,Southern Europe,Growth,13100,25,11,29,58,40,4,3,4.5,88,8,46,355,No,Yes
FD-1318,Customer 318,Technology,Nordics,Business,27000,37,32,101,86,100,2,0,5.0,80,36,3,356,Yes,No
FD-1319,Customer 319,Fintech,UK & Ireland,Growth,11400,29,17,60,62,56,4,1,4.7,68,44,29,310,Yes,No
FD-1320,Customer 320,Professional Services,DACH,Enterprise,56500,198,36,104,100,24,5,1,3.7,29,46,42,128,No,Yes
FD-1321,Customer 321,Professional Services,Benelux,Enterprise,47100,153,153,532,97,95,3,0,4.0,58,41,48,195,Yes,No
FD-1322,Customer 322,Healthcare,Southern Europe,Growth,11200,23,13,29,84,68,4,1,5.0,68,26,27,187,Yes,No
FD-1323,Customer 323,Media,Benelux,Growth,9200,14,13,14,38,92,3,0,4.1,37,29,53,315,No,No
FD-1324,Customer 324,Technology,Nordics,Growth,11700,29,25,34,64,74,4,2,3.8,53,29,42,274,No,No
FD-1325,Customer 325,Professional Services,DACH,Business,32000,52,41,46,94,78,3,0,4.6,55,55,5,332,No,Yes
FD-1326,Customer 326,E-commerce,Southern Europe,Business,18300,79,58,119,100,76,3,0,4.8,45,5,19,203,Yes,No
FD-1327,Customer 327,Travel,CEE,Business,28000,54,43,111,100,83,4,0,3.9,54,21,57,336,Yes,No
FD-1328,Customer 328,Technology,CEE,Growth,8800,25,23,49,53,100,3,0,4.2,47,13,3,273,No,No
FD-1329,Customer 329,Professional Services,UK & Ireland,Business,32700,49,37,103,87,89,3,0,4.7,71,97,9,271,Yes,No
FD-1330,Customer 330,E-commerce,Benelux,Growth,8900,17,5,13,100,33,7,1,3.5,21,63,22,243,No,No
FD-1331,Customer 331,E-commerce,Southern Europe,Business,28300,74,70,222,52,78,4,1,4.0,16,22,60,126,Yes,No
FD-1332,Customer 332,Technology,UK & Ireland,Starter,4100,8,7,22,82,93,2,1,3.5,69,9,43,224,Yes,No
FD-1333,Customer 333,Fintech,Nordics,Business,24700,62,47,95,87,94,5,0,3.7,70,12,11,133,Yes,No
FD-1334,Customer 334,Healthcare,UK & Ireland,Business,29400,83,42,89,77,59,5,1,3.8,57,55,25,239,Yes,No
FD-1335,Customer 335,Professional Services,DACH,Starter,4500,12,12,34,49,94,3,0,4.3,42,8,57,96,Yes,No
FD-1336,Customer 336,Healthcare,Benelux,Growth,11000,31,29,84,76,88,3,0,4.0,36,30,15,293,No,No
FD-1337,Customer 337,Technology,Benelux,Starter,4600,6,6,12,76,100,5,2,3.6,63,49,36,211,Yes,No
FD-1338,Customer 338,Media,Southern Europe,Business,34500,65,30,62,79,51,4,0,4.2,40,11,29,261,Yes,No
FD-1339,Customer 339,Professional Services,Benelux,Starter,3800,11,7,23,72,57,3,0,3.5,17,29,47,85,No,No
FD-1340,Customer 340,Professional Services,CEE,Enterprise,66600,138,70,215,74,61,8,1,4.3,92,22,46,290,Yes,No
FD-1341,Customer 341,Professional Services,Southern Europe,Starter,2700,5,3,4,81,57,4,0,4.8,62,20,51,294,No,Yes
FD-1342,Customer 342,Travel,DACH,Enterprise,78400,193,104,251,90,48,4,0,4.2,87,17,9,57,No,No
FD-1343,Customer 343,Fintech,Nordics,Business,26700,59,5,19,77,7,5,1,4.0,12,52,29,131,Yes,No
FD-1344,Customer 344,Healthcare,UK & Ireland,Growth,9900,25,11,12,75,58,3,1,4.3,62,71,43,249,Yes,No
FD-1345,Customer 345,Professional Services,CEE,Business,19600,84,51,191,84,76,0,0,3.1,66,24,27,320,No,No
FD-1346,Customer 346,Technology,Southern Europe,Business,32900,65,36,55,47,57,3,2,4.2,49,38,41,271,No,Yes
FD-1347,Customer 347,Technology,Benelux,Enterprise,61600,144,144,378,91,100,2,0,5.0,62,30,39,175,Yes,No
FD-1348,Customer 348,Fintech,Benelux,Starter,4400,7,3,7,82,68,5,0,4.1,20,6,24,113,Yes,Yes
FD-1349,Customer 349,E-commerce,Southern Europe,Growth,8200,22,21,22,83,96,4,0,4.1,69,24,8,333,No,No
FD-1350,Customer 350,Media,CEE,Starter,5100,6,3,12,99,74,2,0,4.7,44,5,59,320,Yes,No
FD-1351,Customer 351,Media,Benelux,Growth,8400,30,22,54,47,86,2,0,4.9,63,21,50,328,No,No
FD-1352,Customer 352,E-commerce,CEE,Starter,3200,11,7,28,46,74,2,1,4.5,28,29,54,115,No,No
FD-1353,Customer 353,Fintech,UK & Ireland,Growth,13000,19,16,31,87,98,4,0,3.0,52,47,20,162,No,No
FD-1354,Customer 354,E-commerce,Southern Europe,Growth,13300,20,12,45,82,69,3,1,4.4,78,35,21,93,No,Yes
FD-1355,Customer 355,Healthcare,CEE,Growth,8600,31,23,91,85,79,4,1,5.0,67,53,21,349,Yes,No
FD-1356,Customer 356,Healthcare,Benelux,Growth,10400,14,9,25,74,76,1,1,4.4,28,15,4,318,No,No
FD-1357,Customer 357,Healthcare,Southern Europe,Business,30300,61,26,43,94,62,5,0,3.6,67,65,12,67,No,Yes
FD-1358,Customer 358,Technology,UK & Ireland,Business,32800,58,49,156,99,77,3,1,4.3,42,71,20,94,Yes,No
FD-1359,Customer 359,E-commerce,DACH,Growth,9700,27,27,74,91,100,4,0,3.5,6,5,60,204,Yes,No
FD-1360,Customer 360,Travel,Nordics,Growth,10700,17,12,48,77,62,8,0,4.8,24,7,14,154,No,No
FD-1361,Customer 361,E-commerce,Nordics,Enterprise,76200,175,91,219,44,77,1,0,3.5,16,28,32,171,No,No
FD-1362,Customer 362,Professional Services,CEE,Starter,4500,7,7,13,96,96,0,0,4.3,18,19,34,137,No,No
FD-1363,Customer 363,Professional Services,UK & Ireland,Starter,4700,9,9,13,100,93,1,0,3.8,24,22,23,248,Yes,No
FD-1364,Customer 364,Technology,Southern Europe,Starter,4100,5,3,10,94,68,5,0,3.9,57,35,56,329,Yes,Yes
FD-1365,Customer 365,Media,DACH,Business,19800,58,9,37,66,16,6,0,4.9,57,54,8,336,No,Yes
FD-1366,Customer 366,Technology,CEE,Growth,13300,24,18,20,94,79,2,0,4.3,58,15,53,169,No,No
FD-1367,Customer 367,Healthcare,UK & Ireland,Business,32500,46,11,37,97,19,5,0,3.9,25,60,46,303,No,No
FD-1368,Customer 368,E-commerce,DACH,Business,31400,42,42,167,100,100,4,0,3.6,34,17,20,255,Yes,No
FD-1369,Customer 369,Technology,DACH,Growth,7900,18,8,10,66,72,6,2,2.9,58,105,47,76,No,Yes
FD-1370,Customer 370,Travel,UK & Ireland,Enterprise,53600,134,134,181,78,90,1,0,3.5,23,66,27,291,Yes,No
FD-1371,Customer 371,Media,Nordics,Business,30500,40,15,48,95,48,3,0,4.3,59,18,59,131,Yes,No
FD-1372,Customer 372,Media,Nordics,Growth,7400,33,13,40,83,34,5,1,4.6,24,10,5,231,No,No
FD-1373,Customer 373,Travel,Nordics,Growth,13800,22,18,22,62,74,3,0,3.8,71,18,4,265,Yes,No
FD-1374,Customer 374,Travel,CEE,Growth,9700,30,15,55,89,67,5,0,5.0,58,16,34,345,Yes,No
FD-1375,Customer 375,Healthcare,Southern Europe,Starter,4500,12,7,19,92,57,4,0,3.8,61,43,57,347,No,No
FD-1376,Customer 376,Fintech,DACH,Starter,4900,5,3,12,84,70,2,0,4.1,43,5,6,294,No,No
FD-1377,Customer 377,Healthcare,Southern Europe,Enterprise,61600,173,173,600,86,100,5,0,3.6,46,7,48,187,Yes,No
FD-1378,Customer 378,Fintech,Benelux,Growth,9300,31,26,94,77,86,3,1,4.6,73,42,57,149,No,No
FD-1379,Customer 379,Professional Services,Nordics,Growth,11300,26,26,69,100,91,7,0,5.0,58,16,31,164,Yes,No
FD-1380,Customer 380,E-commerce,DACH,Business,27800,56,47,85,66,87,0,0,3.1,45,21,53,348,No,No
FD-1381,Customer 381,Fintech,Benelux,Growth,9900,22,20,52,71,100,3,0,3.9,24,49,46,79,No,Yes
FD-1382,Customer 382,Technology,Benelux,Enterprise,70300,95,70,93,82,64,4,0,4.9,83,56,15,194,No,No
FD-1383,Customer 383,Media,DACH,Business,33700,62,15,47,98,23,7,0,3.4,19,64,52,250,No,Yes
FD-1384,Customer 384,Travel,Nordics,Growth,10300,33,23,33,55,64,3,1,4.3,58,47,43,13,Yes,No
FD-1385,Customer 385,E-commerce,Nordics,Growth,8500,33,24,63,58,86,4,1,4.7,50,25,3,234,No,No
FD-1386,Customer 386,Fintech,DACH,Enterprise,60800,96,34,40,45,47,2,1,4.0,44,24,35,98,No,No
FD-1387,Customer 387,Media,UK & Ireland,Business,24600,70,38,74,83,64,5,0,4.5,32,22,40,106,Yes,No
FD-1388,Customer 388,Fintech,Benelux,Enterprise,50500,129,57,99,62,53,5,1,5.0,73,11,49,229,Yes,No
FD-1389,Customer 389,Healthcare,Nordics,Starter,3100,11,11,33,75,100,0,0,5.0,69,14,47,8,Yes,No
FD-1390,Customer 390,Fintech,Benelux,Business,29500,37,35,123,94,84,4,0,4.2,36,59,30,61,No,No
FD-1391,Customer 391,Professional Services,Southern Europe,Business,23700,82,62,73,70,82,6,0,3.8,37,17,20,169,Yes,No
FD-1392,Customer 392,Media,Nordics,Starter,5100,11,11,41,86,82,2,0,3.7,38,11,14,215,No,No
FD-1393,Customer 393,Professional Services,CEE,Growth,8800,16,13,49,77,67,2,0,4.7,47,62,8,44,Yes,No
FD-1394,Customer 394,Professional Services,DACH,Business,19700,38,27,57,94,72,1,0,3.5,28,34,40,135,No,No
FD-1395,Customer 395,Healthcare,Nordics,Starter,4600,11,4,12,91,42,5,0,4.1,23,81,58,116,No,No
FD-1396,Customer 396,Healthcare,UK & Ireland,Growth,13100,17,4,9,70,20,6,0,4.2,100,76,7,197,No,Yes
FD-1397,Customer 397,Travel,UK & Ireland,Business,22700,62,41,61,79,71,4,1,3.8,61,12,43,113,Yes,No
FD-1398,Customer 398,Healthcare,CEE,Growth,8600,32,23,62,100,75,4,0,4.4,59,27,36,5,No,Yes
FD-1399,Customer 399,Technology,UK & Ireland,Growth,8400,25,21,27,89,95,1,0,5.0,94,13,12,196,No,No
FD-1400,Customer 400,Media,Nordics,Growth,10700,22,17,65,57,100,1,1,3.9,-3,13,15,311,Yes,No
FD-1401,Customer 401,E-commerce,Nordics,Growth,10300,23,16,63,94,100,4,0,4.0,-13,21,19,216,Yes,No
FD-1402,Customer 402,Technology,Benelux,Enterprise,55900,98,48,174,62,46,2,0,4.7,52,44,42,135,Yes,Yes
FD-1403,Customer 403,Healthcare,Nordics,Business,18800,83,40,112,100,60,2,0,4.4,23,44,20,179,No,No
FD-1404,Customer 404,Professional Services,Benelux,Starter,3900,7,7,19,100,79,5,2,4.9,60,41,51,55,Yes,No
FD-1405,Customer 405,E-commerce,CEE,Enterprise,85300,114,86,357,87,100,6,2,4.1,50,25,24,90,Yes,No
FD-1406,Customer 406,Fintech,Benelux,Business,29000,49,35,63,85,100,2,0,4.1,66,46,9,163,Yes,Yes
FD-1407,Customer 407,Technology,Benelux,Growth,10500,33,32,40,78,93,2,0,3.2,-2,11,8,218,Yes,Yes
FD-1408,Customer 408,Media,UK & Ireland,Business,19900,40,29,81,94,59,3,0,3.3,34,34,26,180,No,No
FD-1409,Customer 409,Fintech,DACH,Starter,3300,11,5,10,75,49,2,0,3.1,21,30,26,352,No,No
FD-1410,Customer 410,Travel,Southern Europe,Enterprise,57400,180,161,327,86,85,4,0,4.4,61,24,45,235,Yes,No
FD-1411,Customer 411,Fintech,Nordics,Business,30800,76,21,21,98,44,3,0,3.5,19,35,30,13,No,No
FD-1412,Customer 412,Healthcare,Benelux,Business,32700,84,44,128,72,63,2,0,4.8,93,4,12,194,No,No
FD-1413,Customer 413,Media,Benelux,Starter,5000,11,5,9,71,65,3,1,4.1,43,14,15,215,No,No
FD-1414,Customer 414,Professional Services,UK & Ireland,Enterprise,86400,209,127,203,61,100,2,0,4.0,82,42,35,20,No,No
FD-1415,Customer 415,Travel,DACH,Starter,5200,6,3,3,63,60,2,1,3.5,13,29,22,143,No,No
FD-1416,Customer 416,Professional Services,UK & Ireland,Starter,5100,10,1,2,49,14,5,1,4.3,67,8,41,319,No,No
FD-1417,Customer 417,Travel,Nordics,Starter,2900,9,5,19,95,79,5,0,3.8,37,29,56,133,No,No
FD-1418,Customer 418,Healthcare,Nordics,Business,20300,62,28,58,100,53,3,0,3.7,28,20,23,169,Yes,No
FD-1419,Customer 419,Fintech,UK & Ireland,Starter,3500,11,6,19,100,69,2,1,4.8,77,60,35,84,Yes,No
FD-1420,Customer 420,Professional Services,CEE,Enterprise,68200,213,144,493,53,66,3,1,4.2,41,12,51,32,No,No
FD-1421,Customer 421,Fintech,DACH,Business,19600,70,44,90,95,62,4,0,4.1,-13,12,15,119,Yes,No
FD-1422,Customer 422,Fintech,Nordics,Starter,4800,8,8,29,100,85,2,0,4.6,-9,38,32,283,No,No
FD-1423,Customer 423,Travel,Benelux,Starter,4300,8,3,10,74,34,7,3,3.9,68,26,20,359,Yes,Yes
FD-1424,Customer 424,Media,UK & Ireland,Starter,4100,7,5,14,84,57,4,1,4.3,78,25,39,243,No,No
FD-1425,Customer 425,Fintech,CEE,Growth,8300,21,17,17,46,83,3,1,3.5,72,106,46,304,No,Yes
FD-1426,Customer 426,E-commerce,CEE,Business,22300,55,30,33,87,54,9,0,5.0,68,45,11,239,Yes,No
FD-1427,Customer 427,E-commerce,CEE,Starter,3100,5,2,8,63,33,7,2,3.6,5,23,13,242,Yes,No
FD-1428,Customer 428,E-commerce,UK & Ireland,Business,32300,39,32,112,86,83,3,1,5.0,59,7,4,159,Yes,No
FD-1429,Customer 429,Technology,Southern Europe,Starter,4200,10,8,32,54,93,3,2,3.8,38,22,3,27,No,No
FD-1430,Customer 430,Technology,DACH,Business,30400,57,34,132,92,67,6,1,4.6,36,11,5,153,No,No
FD-1431,Customer 431,Media,Southern Europe,Enterprise,57400,208,42,45,100,25,5,0,4.7,97,14,43,317,No,No
FD-1432,Customer 432,Professional Services,CEE,Business,24200,66,57,201,68,84,2,0,4.8,100,15,55,198,Yes,No
FD-1433,Customer 433,E-commerce,Benelux,Business,24800,37,11,27,62,31,4,1,3.5,41,56,26,280,No,No
FD-1434,Customer 434,Healthcare,Benelux,Business,30800,43,27,95,43,75,3,0,4.6,58,9,54,23,Yes,No
FD-1435,Customer 435,Healthcare,Southern Europe,Starter,4600,6,2,2,77,48,3,0,5.0,40,53,45,77,No,No
FD-1436,Customer 436,E-commerce,CEE,Starter,3200,12,4,8,72,42,5,1,3.9,75,39,49,112,No,No
FD-1437,Customer 437,Media,CEE,Starter,5100,6,4,14,54,58,1,0,4.1,47,39,45,134,No,No
FD-1438,Customer 438,Professional Services,Benelux,Growth,8000,24,15,53,90,64,4,1,3.8,32,14,14,361,Yes,No
FD-1439,Customer 439,Fintech,Benelux,Business,33100,82,35,104,74,54,3,1,3.9,51,48,33,171,Yes,No
FD-1440,Customer 440,Technology,Nordics,Business,19700,84,75,147,63,81,1,1,5.0,55,12,33,244,No,No
FD-1441,Customer 441,Fintech,UK & Ireland,Business,22400,47,23,46,72,58,7,2,3.4,31,72,40,237,No,No
FD-1442,Customer 442,Technology,DACH,Starter,4800,5,3,12,100,90,3,0,3.7,4,57,49,156,No,No
FD-1443,Customer 443,Travel,Benelux,Business,21000,43,36,87,93,74,4,0,5.0,92,80,9,353,Yes,No
FD-1444,Customer 444,Healthcare,DACH,Starter,3700,5,2,5,80,53,4,1,4.4,51,30,42,85,No,No
FD-1445,Customer 445,Professional Services,DACH,Growth,10200,18,8,22,93,49,7,0,5.0,93,26,51,17,No,No
FD-1446,Customer 446,Healthcare,CEE,Business,22100,63,19,44,61,32,8,0,3.8,34,21,9,274,No,No
FD-1447,Customer 447,E-commerce,Southern Europe,Enterprise,74800,205,175,484,83,74,2,0,4.3,48,104,27,241,Yes,No
FD-1448,Customer 448,Fintech,CEE,Growth,12900,24,14,33,85,60,8,1,3.7,9,44,54,98,No,No
FD-1449,Customer 449,Professional Services,DACH,Starter,4900,9,1,4,74,16,4,1,4.1,62,11,4,318,No,No
FD-1450,Customer 450,Fintech,Southern Europe,Growth,9500,18,11,43,90,56,6,1,3.1,1,67,12,63,No,Yes
FD-1451,Customer 451,Technology,Southern Europe,Starter,4000,10,4,16,68,48,5,3,4.2,37,25,49,95,No,Yes
FD-1452,Customer 452,Professional Services,Southern Europe,Enterprise,55400,168,168,471,91,100,2,0,4.4,53,2,12,60,Yes,No
FD-1453,Customer 453,Healthcare,Southern Europe,Business,22100,78,23,56,92,31,6,0,4.2,51,16,43,72,Yes,No
FD-1454,Customer 454,Fintech,DACH,Starter,3100,12,2,7,29,36,6,4,3.4,-10,57,55,268,No,Yes
FD-1455,Customer 455,E-commerce,Benelux,Starter,5100,7,7,26,100,92,2,0,3.8,33,39,31,258,Yes,No
FD-1456,Customer 456,Technology,DACH,Starter,4900,5,5,14,27,98,3,2,4.2,65,45,31,237,No,No
FD-1457,Customer 457,E-commerce,Southern Europe,Enterprise,77600,119,76,246,71,52,4,0,3.5,22,66,27,315,Yes,No
FD-1458,Customer 458,Travel,CEE,Growth,10700,22,15,51,100,54,4,0,4.5,51,6,24,30,No,Yes
FD-1459,Customer 459,Healthcare,Southern Europe,Business,26200,82,52,165,76,82,3,1,5.0,72,16,25,228,Yes,No
FD-1460,Customer 460,Technology,UK & Ireland,Business,26900,54,10,34,56,17,2,0,4.9,63,30,35,46,No,Yes
FD-1461,Customer 461,Travel,UK & Ireland,Growth,10800,29,6,10,62,27,5,1,3.2,0,58,54,349,No,Yes
FD-1462,Customer 462,E-commerce,Southern Europe,Starter,3800,9,6,16,100,62,3,0,4.0,42,12,59,233,No,No
FD-1463,Customer 463,Healthcare,Nordics,Enterprise,50500,114,82,236,47,100,8,1,4.2,70,23,53,279,Yes,No
FD-1464,Customer 464,Technology,CEE,Growth,8000,20,10,10,100,58,3,0,4.2,25,29,9,211,No,No
FD-1465,Customer 465,E-commerce,UK & Ireland,Growth,13600,27,16,60,81,70,4,2,3.2,15,16,20,143,Yes,No
FD-1466,Customer 466,Media,Nordics,Business,26100,69,69,204,61,93,5,2,4.1,15,29,46,252,Yes,No
FD-1467,Customer 467,E-commerce,DACH,Business,34000,57,57,81,72,100,4,2,4.0,64,26,34,306,Yes,No
FD-1468,Customer 468,Professional Services,Southern Europe,Enterprise,51900,119,65,235,64,55,5,0,5.0,66,19,22,69,Yes,No
FD-1469,Customer 469,Technology,Southern Europe,Starter,4100,10,5,16,98,68,3,0,4.1,27,48,21,319,Yes,No
FD-1470,Customer 470,Travel,DACH,Growth,8600,17,15,51,95,100,2,0,4.9,68,43,9,267,No,No
FD-1471,Customer 471,Media,UK & Ireland,Growth,8900,32,9,20,51,35,4,1,3.3,-1,50,22,35,Yes,No
FD-1472,Customer 472,Technology,UK & Ireland,Growth,7400,18,18,67,75,91,4,0,3.6,10,53,27,342,Yes,No
FD-1473,Customer 473,Travel,Nordics,Starter,3000,5,3,7,66,46,2,1,4.4,21,77,27,70,No,No
FD-1474,Customer 474,Media,DACH,Starter,5000,8,6,17,100,70,4,2,4.7,37,8,34,221,Yes,Yes
FD-1475,Customer 475,E-commerce,DACH,Growth,9400,24,12,12,58,63,5,1,3.5,60,9,18,51,No,No
FD-1476,Customer 476,Healthcare,UK & Ireland,Growth,11300,24,5,15,100,47,1,0,4.3,34,46,14,75,Yes,Yes
FD-1477,Customer 477,Professional Services,UK & Ireland,Growth,10300,22,6,20,81,46,6,0,3.4,38,21,54,237,No,Yes
FD-1478,Customer 478,Professional Services,UK & Ireland,Growth,9900,33,29,82,61,74,4,0,4.0,25,19,26,250,No,No
FD-1479,Customer 479,Media,Southern Europe,Business,26900,59,47,122,70,90,4,0,4.6,75,17,17,252,Yes,No
FD-1480,Customer 480,Professional Services,UK & Ireland,Growth,8500,23,12,43,68,65,1,0,3.9,18,51,39,128,No,No
FD-1481,Customer 481,E-commerce,DACH,Growth,13800,22,19,60,59,70,3,0,3.9,41,100,34,301,Yes,No
FD-1482,Customer 482,E-commerce,DACH,Starter,4800,5,5,9,84,81,3,0,3.6,34,52,36,22,Yes,No
FD-1483,Customer 483,Professional Services,DACH,Growth,12200,26,12,49,60,47,4,2,3.6,84,20,15,313,No,Yes
FD-1484,Customer 484,Media,UK & Ireland,Growth,10400,18,14,46,43,84,2,0,5.0,82,49,44,114,No,No
FD-1485,Customer 485,Healthcare,UK & Ireland,Starter,3100,9,7,29,75,86,1,0,4.2,35,8,14,229,No,No
FD-1486,Customer 486,Travel,CEE,Growth,13400,15,15,62,50,100,2,0,3.5,46,25,51,331,Yes,No
FD-1487,Customer 487,Fintech,Benelux,Growth,9500,33,25,99,68,60,3,0,3.9,88,6,27,97,Yes,No
FD-1488,Customer 488,Professional Services,UK & Ireland,Starter,2800,8,5,17,66,58,4,1,3.1,-15,21,26,153,Yes,Yes
FD-1489,Customer 489,Professional Services,DACH,Growth,9500,32,29,86,66,85,5,2,3.4,9,33,25,304,Yes,No
FD-1490,Customer 490,E-commerce,Southern Europe,Growth,12500,23,23,36,100,86,5,1,4.9,60,112,27,317,No,No
FD-1491,Customer 491,Travel,CEE,Business,28500,38,16,44,83,56,3,0,4.1,36,61,41,89,Yes,No
FD-1492,Customer 492,Professional Services,CEE,Business,30600,76,49,169,86,59,6,0,5.0,61,6,31,188,No,No
FD-1493,Customer 493,Healthcare,Benelux,Business,31300,67,48,128,50,80,5,0,4.0,14,7,10,125,No,No
FD-1494,Customer 494,Technology,UK & Ireland,Growth,8600,29,7,26,70,50,4,0,4.1,76,16,35,191,No,Yes
FD-1495,Customer 495,Travel,Southern Europe,Business,33500,56,19,26,86,59,4,0,4.5,24,86,18,141,Yes,No
FD-1496,Customer 496,Healthcare,Southern Europe,Growth,10100,26,14,31,64,70,3,1,2.5,1,6,9,6,No,No
FD-1497,Customer 497,Fintech,Nordics,Growth,11500,31,29,76,98,90,2,0,4.4,76,17,51,338,No,Yes
FD-1498,Customer 498,E-commerce,CEE,Growth,7200,26,14,33,60,55,3,0,4.1,45,17,21,234,No,No
FD-1499,Customer 499,E-commerce,DACH,Growth,13900,21,6,8,77,27,4,0,5.0,46,38,37,171,No,No
FD-1500,Customer 500,Professional Services,Nordics,Growth,9100,27,9,13,71,26,5,0,4.7,31,50,12,43,No,Yes
