survey_id,account_id,survey_type,score,comment,survey_date,linked_interaction_id
SV00001,AC0113,CSAT,4,,2026-02-10,TK01538
SV00002,AC0117,CSAT,2,Still waiting,2026-01-30,TK01445
SV00003,AC0117,CSAT,3,Helpful but issue remains,2026-07-31,TK03268
SV00004,AC0061,CSAT,3,,2026-06-20,TK02877
SV00005,AC0105,CSAT,3,Helpful but issue remains,2025-10-06,TK00297
SV00006,AC0055,CSAT,2,Great help,2026-07-19,TK03158
SV00007,AC0061,CSAT,4,Still waiting,2026-02-19,TK01635
SV00008,AC0003,CSAT,4,Clear answer,2025-10-12,TK00341
SV00009,AC0053,CSAT,5,Great help,2026-06-28,TK02959
SV00010,AC0018,CSAT,4,Helpful but issue remains,2026-02-17,TK01618
SV00011,AC0076,CSAT,4,Great help,2025-11-10,TK00685
SV00012,AC0138,CSAT,4,Still waiting,2025-09-11,TK00088
SV00013,AC0104,CSAT,4,,2026-06-02,TK02663
SV00014,AC0057,CSAT,4,,2026-05-07,TK02396
SV00015,AC0018,CSAT,4,Slow resolution,2026-04-25,TK02281
SV00016,AC0103,CSAT,5,,2025-10-12,TK00347
SV00017,AC0119,CSAT,2,,2025-12-19,TK01076
SV00018,AC0023,CSAT,4,Helpful but issue remains,2025-10-19,TK00441
SV00019,AC0085,CSAT,4,Clear answer,2026-04-22,TK02235
SV00020,AC0088,CSAT,4,,2025-09-28,TK00245
SV00021,AC0060,CSAT,4,Great help,2026-03-10,TK01804
SV00022,AC0105,CSAT,4,,2026-03-30,TK02020
SV00023,AC0057,CSAT,5,,2026-07-27,TK03232
SV00024,AC0047,CSAT,4,Great help,2026-04-23,TK02246
SV00025,AC0004,CSAT,4,,2026-04-07,TK02099
SV00026,AC0008,CSAT,3,Clear answer,2026-06-09,TK02763
SV00027,AC0132,CSAT,5,Slow resolution,2025-12-23,TK01115
SV00028,AC0058,CSAT,5,Clear answer,2025-12-27,TK01147
SV00029,AC0088,CSAT,4,,2026-08-09,TK03352
SV00030,AC0085,CSAT,4,Still waiting,2026-01-24,TK01397
SV00031,AC0025,CSAT,3,,2026-04-15,TK02167
SV00032,AC0008,CSAT,4,Great help,2026-07-24,TK03202
SV00033,AC0142,CSAT,4,Clear answer,2025-10-13,TK00370
SV00034,AC0030,CSAT,2,,2026-05-05,TK02385
SV00035,AC0047,CSAT,4,Great help,2025-12-17,TK01052
SV00036,AC0065,CSAT,3,Great help,2026-04-24,TK02259
SV00037,AC0094,CSAT,4,Helpful but issue remains,2026-08-06,TK03313
SV00038,AC0064,CSAT,5,Still waiting,2025-10-17,TK00415
SV00039,AC0046,CSAT,3,Helpful but issue remains,2025-09-11,TK00096
SV00040,AC0030,CSAT,4,Slow resolution,2026-07-04,TK03017
SV00041,AC0015,CSAT,3,Clear answer,2026-07-10,TK03073
SV00042,AC0039,CSAT,4,Still waiting,2025-10-31,TK00565
SV00043,AC0015,CSAT,4,Clear answer,2026-06-16,TK02841
SV00044,AC0027,CSAT,4,,2026-05-28,TK02604
SV00045,AC0065,CSAT,5,Still waiting,2026-08-17,TK03417
SV00046,AC0010,CSAT,4,,2026-05-10,TK02435
SV00047,AC0116,CSAT,4,,2026-04-02,TK02054
SV00048,AC0132,CSAT,2,Slow resolution,2026-03-07,TK01770
SV00049,AC0086,CSAT,4,Slow resolution,2026-04-10,TK02124
SV00050,AC0100,CSAT,4,Still waiting,2026-08-10,TK03359
SV00051,AC0140,CSAT,4,,2026-04-13,TK02148
SV00052,AC0088,CSAT,5,Still waiting,2026-03-20,TK01915
SV00053,AC0130,CSAT,4,Clear answer,2026-06-03,TK02679
SV00054,AC0004,CSAT,4,Slow resolution,2026-05-09,TK02420
SV00055,AC0099,CSAT,4,Slow resolution,2026-05-18,TK02523
SV00056,AC0008,CSAT,4,,2026-01-10,TK01278
SV00057,AC0066,CSAT,5,Helpful but issue remains,2026-04-26,TK02284
SV00058,AC0018,CSAT,4,Slow resolution,2025-11-14,TK00737
SV00059,AC0024,CSAT,5,,2025-12-08,TK00965
SV00060,AC0018,CSAT,5,Still waiting,2026-02-01,TK01459
SV00061,AC0108,CSAT,2,Clear answer,2025-10-31,TK00566
SV00062,AC0013,CSAT,4,Still waiting,2026-03-31,TK02037
SV00063,AC0090,CSAT,4,Clear answer,2026-02-05,TK01496
SV00064,AC0095,CSAT,3,Still waiting,2025-10-27,TK00512
SV00065,AC0141,CSAT,3,Slow resolution,2026-06-27,TK02957
SV00066,AC0140,CSAT,5,,2025-09-25,TK00207
SV00067,AC0110,CSAT,4,Helpful but issue remains,2025-10-15,TK00401
SV00068,AC0150,CSAT,4,Slow resolution,2026-07-13,TK03102
SV00069,AC0095,CSAT,3,Slow resolution,2026-03-26,TK01975
SV00070,AC0047,CSAT,4,Clear answer,2026-03-19,TK01901
SV00071,AC0061,CSAT,5,,2026-06-27,TK02956
SV00072,AC0023,CSAT,4,,2026-02-23,TK01660
SV00073,AC0065,CSAT,3,Still waiting,2026-06-06,TK02715
SV00074,AC0054,CSAT,4,Clear answer,2026-08-01,TK03273
SV00075,AC0100,CSAT,4,,2025-11-11,TK00692
SV00076,AC0016,CSAT,3,,2025-12-16,TK01033
SV00077,AC0121,CSAT,4,Still waiting,2026-03-06,TK01759
SV00078,AC0117,CSAT,4,Slow resolution,2026-07-15,TK03121
SV00079,AC0061,CSAT,5,Clear answer,2026-05-31,TK02635
SV00080,AC0016,CSAT,4,Slow resolution,2026-05-31,TK02634
SV00081,AC0123,CSAT,4,Great help,2026-06-08,TK02743
SV00082,AC0044,CSAT,5,Slow resolution,2026-07-16,TK03134
SV00083,AC0064,CSAT,5,,2026-01-12,TK01295
SV00084,AC0140,CSAT,5,Helpful but issue remains,2025-10-31,TK00563
SV00085,AC0011,CSAT,5,Slow resolution,2026-01-07,TK01245
SV00086,AC0088,CSAT,4,Still waiting,2025-12-18,TK01063
SV00087,AC0086,CSAT,5,Great help,2026-01-21,TK01364
SV00088,AC0134,CSAT,4,Still waiting,2026-07-09,TK03060
SV00089,AC0132,CSAT,4,Clear answer,2026-03-26,TK01981
SV00090,AC0140,CSAT,2,Clear answer,2025-12-06,TK00944
SV00091,AC0065,CSAT,5,,2026-01-05,TK01229
SV00092,AC0112,CSAT,5,Still waiting,2026-06-08,TK02736
SV00093,AC0141,CSAT,4,Slow resolution,2026-04-23,TK02249
SV00094,AC0088,CSAT,4,Helpful but issue remains,2026-06-04,TK02682
SV00095,AC0051,CSAT,4,,2025-11-21,TK00801
SV00096,AC0101,CSAT,3,Slow resolution,2026-05-11,TK02446
SV00097,AC0017,CSAT,5,Still waiting,2026-05-18,TK02518
SV00098,AC0100,CSAT,4,Still waiting,2025-09-09,TK00076
SV00099,AC0027,CSAT,4,Clear answer,2026-06-15,TK02828
SV00100,AC0137,CSAT,2,,2026-01-05,TK01230
SV00101,AC0132,CSAT,5,Clear answer,2026-08-26,TK03495
SV00102,AC0033,CSAT,3,Slow resolution,2026-06-04,TK02687
SV00103,AC0064,CSAT,3,,2026-08-26,TK03497
SV00104,AC0055,CSAT,5,Great help,2026-08-22,TK03462
SV00105,AC0117,CSAT,4,,2025-09-15,TK00125
SV00106,AC0021,CSAT,5,Still waiting,2026-02-19,TK01633
SV00107,AC0003,CSAT,5,Helpful but issue remains,2025-11-21,TK00803
SV00108,AC0128,CSAT,5,Helpful but issue remains,2026-02-15,TK01600
SV00109,AC0049,CSAT,5,,2026-06-22,TK02899
SV00110,AC0118,CSAT,5,Clear answer,2026-05-08,TK02406
SV00111,AC0117,CSAT,3,Still waiting,2026-07-16,TK03129
SV00112,AC0051,CSAT,2,Still waiting,2026-07-26,TK03220
SV00113,AC0087,CSAT,5,Helpful but issue remains,2026-04-30,TK02335
SV00114,AC0138,CSAT,2,Still waiting,2026-07-01,TK02996
SV00115,AC0004,CSAT,3,Still waiting,2025-10-23,TK00480
SV00116,AC0099,CSAT,5,Helpful but issue remains,2025-10-19,TK00446
SV00117,AC0033,CSAT,5,Clear answer,2026-04-01,TK02052
SV00118,AC0050,CSAT,5,,2026-02-20,TK01645
SV00119,AC0140,CSAT,4,,2025-12-21,TK01097
SV00120,AC0046,CSAT,5,Clear answer,2026-07-27,TK03231
SV00121,AC0015,CSAT,5,Clear answer,2025-11-09,TK00667
SV00122,AC0124,CSAT,4,Great help,2026-06-10,TK02767
SV00123,AC0061,CSAT,5,,2025-11-19,TK00787
SV00124,AC0039,CSAT,4,,2026-02-05,TK01494
SV00125,AC0047,CSAT,4,Slow resolution,2025-09-22,TK00182
SV00126,AC0017,CSAT,3,Great help,2026-01-29,TK01432
SV00127,AC0085,CSAT,4,Helpful but issue remains,2026-03-25,TK01964
SV00128,AC0142,CSAT,3,Slow resolution,2025-10-18,TK00431
SV00129,AC0036,CSAT,4,Still waiting,2026-04-09,TK02112
SV00130,AC0142,CSAT,4,Still waiting,2025-11-26,TK00849
SV00131,AC0064,CSAT,4,Helpful but issue remains,2025-12-14,TK01017
SV00132,AC0029,CSAT,3,Great help,2026-04-13,TK02143
SV00133,AC0126,CSAT,3,Helpful but issue remains,2026-02-07,TK01516
SV00134,AC0019,CSAT,2,Still waiting,2026-04-17,TK02186
SV00135,AC0018,CSAT,4,Great help,2026-04-23,TK02253
SV00136,AC0095,CSAT,5,Still waiting,2026-08-12,TK03382
SV00137,AC0033,CSAT,4,Clear answer,2026-03-02,TK01727
SV00138,AC0046,CSAT,5,Still waiting,2026-08-01,TK03274
SV00139,AC0118,CSAT,4,Helpful but issue remains,2026-08-22,TK03472
SV00140,AC0106,CSAT,4,Clear answer,2026-01-13,TK01304
SV00141,AC0095,CSAT,4,Great help,2026-03-28,TK01996
SV00142,AC0013,CSAT,4,Great help,2026-07-13,TK03098
SV00143,AC0093,CSAT,5,Slow resolution,2025-10-26,TK00503
SV00144,AC0140,CSAT,5,Slow resolution,2026-05-22,TK02556
SV00145,AC0024,CSAT,3,Helpful but issue remains,2025-10-20,TK00451
SV00146,AC0065,CSAT,3,Great help,2026-01-28,TK01430
SV00147,AC0138,CSAT,2,Clear answer,2026-07-30,TK03263
SV00148,AC0140,CSAT,4,Great help,2026-04-15,TK02166
SV00149,AC0102,CSAT,5,Great help,2025-10-28,TK00532
SV00150,AC0040,CSAT,3,Clear answer,2026-08-24,TK03478
SV00151,AC0104,CSAT,5,Slow resolution,2025-10-17,TK00416
SV00152,AC0042,CSAT,3,,2025-11-03,TK00593
SV00153,AC0126,CSAT,4,Great help,2025-09-23,TK00188
SV00154,AC0113,CSAT,1,Great help,2025-10-23,TK00486
SV00155,AC0105,CSAT,3,Great help,2026-03-02,TK01722
SV00156,AC0008,CSAT,5,Clear answer,2026-05-28,TK02610
SV00157,AC0057,CSAT,3,Helpful but issue remains,2026-06-07,TK02731
SV00158,AC0116,CSAT,3,Helpful but issue remains,2026-03-08,TK01781
SV00159,AC0064,CSAT,3,Slow resolution,2026-01-22,TK01375
SV00160,AC0030,CSAT,5,Slow resolution,2026-05-22,TK02550
SV00161,AC0020,CSAT,4,Still waiting,2025-12-06,TK00940
SV00162,AC0020,CSAT,5,Still waiting,2025-09-14,TK00122
SV00163,AC0039,CSAT,2,Helpful but issue remains,2026-07-01,TK03001
SV00164,AC0104,CSAT,5,Slow resolution,2026-02-11,TK01545
SV00165,AC0041,CSAT,5,,2025-11-17,TK00768
SV00166,AC0061,CSAT,5,Still waiting,2026-07-09,TK03069
SV00167,AC0122,CSAT,5,Helpful but issue remains,2026-04-15,TK02171
SV00168,AC0105,CSAT,3,,2026-06-22,TK02907
SV00169,AC0125,CSAT,4,Great help,2026-07-16,TK03128
SV00170,AC0100,CSAT,3,Clear answer,2026-03-28,TK01998
SV00171,AC0134,CSAT,5,Great help,2026-01-21,TK01366
SV00172,AC0008,CSAT,3,Slow resolution,2025-11-30,TK00891
SV00173,AC0030,CSAT,4,Helpful but issue remains,2025-09-24,TK00197
SV00174,AC0150,CSAT,3,Great help,2026-07-11,TK03086
SV00175,AC0080,CSAT,5,Slow resolution,2025-11-16,TK00761
SV00176,AC0062,CSAT,5,,2025-09-04,TK00035
SV00177,AC0113,CSAT,4,Clear answer,2025-09-22,TK00187
SV00178,AC0075,CSAT,5,Clear answer,2025-10-27,TK00515
SV00179,AC0064,CSAT,5,,2025-12-26,TK01135
SV00180,AC0018,CSAT,4,Great help,2026-03-18,TK01887
SV00181,AC0087,CSAT,4,Helpful but issue remains,2025-12-31,TK01181
SV00182,AC0129,CSAT,5,,2025-09-24,TK00195
SV00183,AC0087,CSAT,4,Helpful but issue remains,2026-02-26,TK01692
SV00184,AC0064,CSAT,5,Still waiting,2026-08-04,TK03303
SV00185,AC0095,CSAT,4,Clear answer,2025-11-03,TK00597
SV00186,AC0008,CSAT,5,Great help,2025-10-14,TK00376
SV00187,AC0047,CSAT,4,Slow resolution,2026-06-13,TK02808
SV00188,AC0095,CSAT,4,Great help,2026-03-08,TK01779
SV00189,AC0090,CSAT,3,Clear answer,2026-02-01,TK01464
SV00190,AC0085,CSAT,5,Great help,2026-04-26,TK02286
SV00191,AC0076,CSAT,5,Great help,2026-01-10,TK01272
SV00192,AC0027,CSAT,5,Slow resolution,2025-10-25,TK00499
SV00193,AC0098,CSAT,4,,2025-11-01,TK00572
SV00194,AC0140,CSAT,4,,2025-09-15,TK00126
SV00195,AC0085,CSAT,5,Clear answer,2026-08-22,TK03464
SV00196,AC0058,CSAT,5,Clear answer,2025-11-14,TK00738
SV00197,AC0089,CSAT,4,,2026-04-29,TK02333
SV00198,AC0105,CSAT,4,Clear answer,2026-07-01,TK03000
SV00199,AC0047,CSAT,5,Clear answer,2025-10-09,TK00326
SV00200,AC0102,CSAT,5,Helpful but issue remains,2025-10-19,TK00445
SV00201,AC0030,CSAT,4,Still waiting,2026-02-02,TK01468
SV00202,AC0027,CSAT,5,Slow resolution,2026-04-30,TK02337
SV00203,AC0071,CSAT,5,Helpful but issue remains,2026-04-22,TK02242
SV00204,AC0140,CSAT,5,,2026-08-10,TK03356
SV00205,AC0111,CSAT,4,Helpful but issue remains,2025-10-13,TK00362
SV00206,AC0040,CSAT,4,Still waiting,2025-11-21,TK00804
SV00207,AC0102,CSAT,4,,2025-10-18,TK00421
SV00208,AC0032,CSAT,3,Helpful but issue remains,2025-12-22,TK01105
SV00209,AC0013,CSAT,3,Still waiting,2025-12-03,TK00929
SV00210,AC0027,CSAT,5,Great help,2026-01-05,TK01224
SV00211,AC0100,CSAT,5,Great help,2026-08-03,TK03295
SV00212,AC0087,CSAT,5,Still waiting,2026-04-29,TK02320
SV00213,AC0019,CSAT,4,Helpful but issue remains,2025-12-03,TK00921
SV00214,AC0027,CSAT,5,,2025-12-23,TK01109
SV00215,AC0090,CSAT,4,,2025-11-23,TK00825
SV00216,AC0087,CSAT,1,Still waiting,2026-06-17,TK02850
SV00217,AC0067,CSAT,5,Still waiting,2026-06-12,TK02789
SV00218,AC0137,CSAT,3,Still waiting,2026-05-02,TK02361
SV00219,AC0089,CSAT,4,Clear answer,2026-05-17,TK02512
SV00220,AC0112,CSAT,5,Slow resolution,2026-06-21,TK02886
SV00221,AC0098,CSAT,5,Clear answer,2025-10-27,TK00513
SV00222,AC0128,CSAT,4,Clear answer,2026-07-01,TK02999
SV00223,AC0121,CSAT,3,Slow resolution,2025-10-19,TK00449
SV00224,AC0046,CSAT,4,Slow resolution,2025-11-09,TK00665
SV00225,AC0132,CSAT,5,Clear answer,2026-02-15,TK01599
SV00226,AC0103,CSAT,5,Helpful but issue remains,2026-03-03,TK01741
SV00227,AC0078,CSAT,3,Slow resolution,2025-12-08,TK00960
SV00228,AC0104,CSAT,4,,2025-10-19,TK00450
SV00229,AC0141,CSAT,4,Still waiting,2025-12-25,TK01123
SV00230,AC0039,CSAT,3,Slow resolution,2025-11-25,TK00842
SV00231,AC0008,CSAT,4,Still waiting,2025-11-12,TK00719
SV00232,AC0029,CSAT,4,Great help,2025-10-17,TK00417
SV00233,AC0101,CSAT,5,Clear answer,2026-05-04,TK02375
SV00234,AC0047,CSAT,5,Clear answer,2025-12-03,TK00930
SV00235,AC0117,CSAT,3,Slow resolution,2025-11-14,TK00743
SV00236,AC0111,CSAT,3,Still waiting,2025-11-04,TK00604
SV00237,AC0008,CSAT,5,Clear answer,2026-02-02,TK01471
SV00238,AC0101,CSAT,4,Clear answer,2026-04-16,TK02176
SV00239,AC0117,CSAT,4,Slow resolution,2025-10-31,TK00562
SV00240,AC0045,CSAT,4,Still waiting,2026-01-24,TK01398
SV00241,AC0116,CSAT,4,Helpful but issue remains,2026-01-22,TK01378
SV00242,AC0023,CSAT,5,Still waiting,2026-06-24,TK02923
SV00243,AC0061,CSAT,3,Slow resolution,2026-01-19,TK01352
SV00244,AC0100,CSAT,5,Still waiting,2026-06-09,TK02751
SV00245,AC0116,CSAT,4,,2026-08-11,TK03369
SV00246,AC0004,CSAT,5,Still waiting,2026-06-30,TK02991
SV00247,AC0049,CSAT,3,Slow resolution,2026-06-07,TK02723
SV00248,AC0037,CSAT,4,Helpful but issue remains,2025-11-02,TK00585
SV00249,AC0113,CSAT,4,Still waiting,2026-04-19,TK02202
SV00250,AC0065,CSAT,4,Helpful but issue remains,2026-08-03,TK03298
SV00251,AC0134,CSAT,3,,2025-10-08,TK00319
SV00252,AC0033,CSAT,4,Clear answer,2026-06-25,TK02935
SV00253,AC0075,CSAT,4,Still waiting,2026-06-05,TK02698
SV00254,AC0049,CSAT,3,Helpful but issue remains,2026-03-02,TK01725
SV00255,AC0132,CSAT,3,,2026-05-28,TK02609
SV00256,AC0037,CSAT,4,Helpful but issue remains,2025-10-18,TK00428
SV00257,AC0057,CSAT,5,,2026-02-05,TK01491
SV00258,AC0008,CSAT,5,Slow resolution,2025-12-27,TK01142
SV00259,AC0139,CSAT,5,,2026-06-08,TK02741
SV00260,AC0074,CSAT,4,Helpful but issue remains,2026-03-16,TK01865
SV00261,AC0105,CSAT,3,Great help,2025-11-20,TK00796
SV00262,AC0085,CSAT,3,Great help,2026-07-03,TK03009
SV00263,AC0087,CSAT,2,Slow resolution,2026-03-22,TK01934
SV00264,AC0142,CSAT,4,Clear answer,2026-02-20,TK01636
SV00265,AC0050,CSAT,4,Great help,2026-06-02,TK02656
SV00266,AC0080,CSAT,5,Slow resolution,2026-01-28,TK01426
SV00267,AC0137,CSAT,4,Slow resolution,2026-01-23,TK01381
SV00268,AC0037,CSAT,3,Helpful but issue remains,2025-09-16,TK00132
SV00269,AC0003,CSAT,4,Slow resolution,2026-01-03,TK01209
SV00270,AC0047,CSAT,4,Still waiting,2026-06-18,TK02870
SV00271,AC0006,CSAT,4,,2026-06-23,TK02917
SV00272,AC0049,CSAT,3,Slow resolution,2026-05-19,TK02529
SV00273,AC0017,CSAT,2,Still waiting,2026-03-05,TK01750
SV00274,AC0006,CSAT,5,Slow resolution,2025-12-23,TK01117
SV00275,AC0142,CSAT,2,Helpful but issue remains,2026-04-06,TK02087
SV00276,AC0135,CSAT,2,Helpful but issue remains,2026-05-07,TK02399
SV00277,AC0100,CSAT,3,Slow resolution,2026-01-11,TK01284
SV00278,AC0088,CSAT,5,Helpful but issue remains,2026-06-02,TK02657
SV00279,AC0102,CSAT,4,Great help,2025-11-21,TK00799
SV00280,AC0108,CSAT,4,Helpful but issue remains,2025-11-27,TK00856
SV00281,AC0047,CSAT,2,Great help,2026-02-11,TK01546
SV00282,AC0141,CSAT,5,Helpful but issue remains,2026-06-22,TK02900
SV00283,AC0132,CSAT,3,Great help,2025-12-10,TK00980
SV00284,AC0088,CSAT,3,Still waiting,2025-12-09,TK00972
SV00285,AC0008,CSAT,4,,2025-09-10,TK00080
SV00286,AC0065,CSAT,5,Helpful but issue remains,2025-11-29,TK00884
SV00287,AC0113,CSAT,1,,2026-02-12,TK01559
SV00288,AC0061,CSAT,5,Great help,2026-05-26,TK02580
SV00289,AC0010,CSAT,5,,2025-11-26,TK00853
SV00290,AC0090,CSAT,5,,2026-03-06,TK01760
SV00291,AC0015,CSAT,5,Slow resolution,2026-07-13,TK03099
SV00292,AC0150,CSAT,5,Slow resolution,2026-06-17,TK02857
SV00293,AC0017,CSAT,4,Helpful but issue remains,2026-07-28,TK03247
SV00294,AC0024,CSAT,4,Still waiting,2026-01-26,TK01410
SV00295,AC0113,CSAT,3,Still waiting,2026-04-29,TK02327
SV00296,AC0124,CSAT,5,Clear answer,2026-05-08,TK02409
SV00297,AC0145,CSAT,3,,2025-10-28,TK00540
SV00298,AC0087,CSAT,4,Still waiting,2025-12-13,TK01006
SV00299,AC0008,CSAT,5,Great help,2026-04-15,TK02162
SV00300,AC0008,CSAT,4,,2026-06-25,TK02931
SV00301,AC0140,CSAT,3,Clear answer,2025-10-17,TK00413
SV00302,AC0137,CSAT,4,Helpful but issue remains,2025-11-15,TK00752
SV00303,AC0015,CSAT,4,Slow resolution,2025-12-11,TK00993
SV00304,AC0037,CSAT,5,Great help,2025-10-28,TK00533
SV00305,AC0141,CSAT,3,Clear answer,2025-09-21,TK00181
SV00306,AC0049,CSAT,4,Great help,2026-08-25,TK03491
SV00307,AC0012,CSAT,3,,2025-10-23,TK00475
SV00308,AC0116,CSAT,4,Clear answer,2025-11-07,TK00653
SV00309,AC0023,CSAT,3,Clear answer,2026-08-05,TK03308
SV00310,AC0056,CSAT,3,Clear answer,2026-05-26,TK02577
SV00311,AC0030,CSAT,5,,2026-04-28,TK02315
SV00312,AC0103,CSAT,4,Still waiting,2026-05-05,TK02387
SV00313,AC0099,CSAT,4,Helpful but issue remains,2025-09-08,TK00071
SV00314,AC0025,CSAT,3,Still waiting,2026-01-03,TK01211
SV00315,AC0024,CSAT,4,Still waiting,2025-09-24,TK00201
SV00316,AC0048,CSAT,3,,2025-11-06,TK00633
SV00317,AC0095,CSAT,4,Slow resolution,2026-04-24,TK02256
SV00318,AC0114,CSAT,3,Slow resolution,2026-04-28,TK02310
SV00319,AC0037,CSAT,4,Helpful but issue remains,2025-12-28,TK01158
SV00320,AC0125,CSAT,4,,2025-12-29,TK01168
SV00321,AC0015,CSAT,4,,2026-05-30,TK02627
SV00322,AC0033,CSAT,3,Great help,2026-01-16,TK01325
SV00323,AC0052,CSAT,5,Still waiting,2026-03-16,TK01877
SV00324,AC0049,CSAT,3,,2025-11-30,TK00890
SV00325,AC0067,CSAT,4,Slow resolution,2025-11-15,TK00749
SV00326,AC0062,CSAT,5,Still waiting,2026-03-21,TK01923
SV00327,AC0051,CSAT,5,,2026-06-06,TK02699
SV00328,AC0134,CSAT,4,Slow resolution,2025-10-14,TK00378
SV00329,AC0100,CSAT,4,Great help,2026-04-14,TK02158
SV00330,AC0130,CSAT,5,,2026-02-21,TK01652
SV00331,AC0062,CSAT,2,Clear answer,2026-04-03,TK02066
SV00332,AC0061,CSAT,4,Helpful but issue remains,2026-07-02,TK03006
SV00333,AC0087,CSAT,5,Helpful but issue remains,2026-07-15,TK03118
SV00334,AC0013,CSAT,5,Still waiting,2026-02-11,TK01555
SV00335,AC0117,CSAT,5,Clear answer,2026-05-22,TK02554
SV00336,AC0048,CSAT,1,Clear answer,2026-03-21,TK01926
SV00337,AC0031,CSAT,5,Still waiting,2026-05-02,TK02359
SV00338,AC0076,CSAT,3,Clear answer,2026-08-15,TK03406
SV00339,AC0102,CSAT,3,Great help,2026-08-08,TK03336
SV00340,AC0100,CSAT,2,Still waiting,2025-12-29,TK01160
SV00341,AC0102,CSAT,5,Clear answer,2026-05-16,TK02503
SV00342,AC0080,CSAT,5,,2026-02-25,TK01689
SV00343,AC0099,CSAT,4,Clear answer,2026-05-16,TK02496
SV00344,AC0080,CSAT,4,,2025-12-07,TK00950
SV00345,AC0060,CSAT,5,Clear answer,2025-12-18,TK01055
SV00346,AC0001,CSAT,3,Great help,2026-07-20,TK03163
SV00347,AC0064,CSAT,4,Slow resolution,2025-12-11,TK00986
SV00348,AC0007,CSAT,4,Slow resolution,2025-10-01,TK00269
SV00349,AC0057,CSAT,4,Helpful but issue remains,2025-09-04,TK00031
SV00350,AC0102,CSAT,1,Helpful but issue remains,2026-03-18,TK01889
SV00351,AC0024,CSAT,5,Clear answer,2026-02-04,TK01490
SV00352,AC0047,CSAT,5,Great help,2026-03-08,TK01775
SV00353,AC0014,CSAT,4,,2025-10-25,TK00501
SV00354,AC0085,CSAT,3,Slow resolution,2026-06-01,TK02642
SV00355,AC0062,CSAT,4,Helpful but issue remains,2026-07-15,TK03116
SV00356,AC0043,CSAT,5,Great help,2026-01-30,TK01444
SV00357,AC0110,CSAT,4,Great help,2026-07-13,TK03104
SV00358,AC0100,CSAT,4,Slow resolution,2025-11-18,TK00775
SV00359,AC0018,CSAT,4,Slow resolution,2026-06-14,TK02817
SV00360,AC0149,CSAT,5,Still waiting,2026-05-14,TK02472
SV00361,AC0014,CSAT,4,Clear answer,2026-05-31,TK02640
SV00362,AC0121,CSAT,4,Helpful but issue remains,2025-11-14,TK00741
SV00363,AC0108,CSAT,4,Great help,2025-11-02,TK00591
SV00364,AC0030,CSAT,3,Still waiting,2026-03-05,TK01754
SV00365,AC0124,CSAT,4,,2025-11-02,TK00588
SV00366,AC0027,CSAT,4,Still waiting,2025-12-11,TK00984
SV00367,AC0050,CSAT,4,Slow resolution,2025-10-07,TK00306
SV00368,AC0037,CSAT,5,Slow resolution,2026-08-20,TK03446
SV00369,AC0047,CSAT,5,,2026-02-28,TK01707
SV00370,AC0099,CSAT,4,Great help,2026-01-10,TK01275
SV00371,AC0144,CSAT,3,Still waiting,2025-11-30,TK00885
SV00372,AC0127,CSAT,4,Great help,2026-05-13,TK02465
SV00373,AC0147,CSAT,3,,2025-10-04,TK00284
SV00374,AC0123,CSAT,5,Slow resolution,2026-01-06,TK01237
SV00375,AC0101,CSAT,3,Helpful but issue remains,2026-06-07,TK02734
SV00376,AC0099,CSAT,1,,2026-03-12,TK01816
SV00377,AC0094,CSAT,4,Helpful but issue remains,2026-07-28,TK03244
SV00378,AC0086,CSAT,3,Slow resolution,2026-08-04,TK03305
SV00379,AC0137,CSAT,5,Great help,2025-12-27,TK01141
SV00380,AC0101,CSAT,5,Great help,2025-09-04,TK00033
SV00381,AC0136,CSAT,5,Still waiting,2026-04-11,TK02131
SV00382,AC0131,CSAT,3,Great help,2025-10-28,TK00528
SV00383,AC0047,CSAT,4,Helpful but issue remains,2026-07-17,TK03138
SV00384,AC0088,CSAT,4,Clear answer,2026-01-09,TK01262
SV00385,AC0150,CSAT,4,,2026-06-02,TK02658
SV00386,AC0113,CSAT,4,Great help,2025-11-21,TK00802
SV00387,AC0058,CSAT,4,Still waiting,2026-07-31,TK03265
SV00388,AC0128,CSAT,5,Slow resolution,2025-12-11,TK00994
SV00389,AC0138,CSAT,4,Great help,2025-11-08,TK00663
SV00390,AC0121,CSAT,4,Great help,2026-03-04,TK01743
SV00391,AC0127,CSAT,4,,2026-01-12,TK01294
SV00392,AC0090,CSAT,4,Helpful but issue remains,2026-04-15,TK02169
SV00393,AC0132,CSAT,4,Slow resolution,2026-07-21,TK03170
SV00394,AC0142,CSAT,5,Clear answer,2025-12-11,TK00985
SV00395,AC0014,CSAT,3,Helpful but issue remains,2026-01-29,TK01436
SV00396,AC0138,CSAT,4,Great help,2026-08-01,TK03277
SV00397,AC0084,CSAT,4,Clear answer,2026-07-22,TK03181
SV00398,AC0002,CSAT,5,,2026-01-11,TK01287
SV00399,AC0017,CSAT,1,,2025-10-18,TK00434
SV00400,AC0132,CSAT,5,Great help,2026-04-29,TK02330
SV00401,AC0100,CSAT,3,Still waiting,2026-06-07,TK02733
SV00402,AC0024,CSAT,4,Helpful but issue remains,2025-10-04,TK00281
SV00403,AC0033,CSAT,3,Clear answer,2025-09-26,TK00218
SV00404,AC0100,CSAT,5,Helpful but issue remains,2026-03-01,TK01715
SV00405,AC0065,CSAT,4,Clear answer,2025-11-06,TK00638
SV00406,AC0142,CSAT,3,Clear answer,2026-04-27,TK02305
SV00407,AC0144,CSAT,5,Still waiting,2026-05-03,TK02365
SV00408,AC0117,CSAT,4,Great help,2026-01-09,TK01265
SV00409,AC0101,CSAT,4,,2026-01-20,TK01354
SV00410,AC0057,CSAT,2,Great help,2026-05-14,TK02480
SV00411,AC0147,CSAT,3,Helpful but issue remains,2026-07-25,TK03214
SV00412,AC0017,CSAT,3,Slow resolution,2026-06-20,TK02881
SV00413,AC0140,CSAT,3,Helpful but issue remains,2025-11-12,TK00708
SV00414,AC0070,CSAT,2,Helpful but issue remains,2025-10-12,TK00357
SV00415,AC0132,CSAT,4,Helpful but issue remains,2025-11-09,TK00668
SV00416,AC0117,CSAT,4,Clear answer,2026-07-20,TK03165
SV00417,AC0065,CSAT,3,,2025-10-13,TK00359
SV00418,AC0047,CSAT,5,Clear answer,2026-06-09,TK02752
SV00419,AC0138,CSAT,3,Great help,2025-09-21,TK00179
SV00420,AC0131,CSAT,5,Great help,2026-05-25,TK02569
SV00421,AC0057,CSAT,4,Great help,2025-11-24,TK00834
SV00422,AC0107,CSAT,3,Still waiting,2025-10-28,TK00525
SV00423,AC0065,CSAT,5,Slow resolution,2025-11-06,TK00632
SV00424,AC0061,CSAT,4,Clear answer,2026-04-21,TK02228
SV00425,AC0150,CSAT,5,Slow resolution,2026-03-08,TK01777
SV00426,AC0015,CSAT,4,Slow resolution,2026-04-06,TK02091
SV00427,AC0066,CSAT,4,Helpful but issue remains,2025-11-12,TK00718
SV00428,AC0130,CSAT,3,Helpful but issue remains,2026-04-28,TK02311
SV00429,AC0140,CSAT,4,,2025-12-20,TK01083
SV00430,AC0117,CSAT,5,Slow resolution,2025-12-19,TK01069
SV00431,AC0018,CSAT,1,Great help,2025-10-27,TK00514
SV00432,AC0114,CSAT,4,Still waiting,2025-12-10,TK00978
SV00433,AC0139,CSAT,5,,2025-10-31,TK00570
SV00434,AC0026,CSAT,5,Great help,2026-05-11,TK02438
SV00435,AC0046,CSAT,3,Clear answer,2026-07-14,TK03107
SV00436,AC0125,CSAT,5,Helpful but issue remains,2026-06-23,TK02916
SV00437,AC0048,CSAT,3,Still waiting,2026-03-03,TK01732
SV00438,AC0061,CSAT,5,,2025-10-13,TK00363
SV00439,AC0047,CSAT,3,Clear answer,2026-03-25,TK01972
SV00440,AC0085,CSAT,4,Clear answer,2026-08-18,TK03426
SV00441,AC0087,CSAT,3,,2026-03-19,TK01903
SV00442,AC0109,CSAT,5,Slow resolution,2026-06-17,TK02853
SV00443,AC0045,CSAT,5,,2025-10-01,TK00268
SV00444,AC0102,CSAT,3,,2026-04-07,TK02095
SV00445,AC0034,CSAT,5,Still waiting,2026-05-14,TK02479
SV00446,AC0125,CSAT,4,Slow resolution,2026-07-12,TK03091
SV00447,AC0100,CSAT,5,Clear answer,2025-12-19,TK01068
SV00448,AC0117,CSAT,3,Slow resolution,2025-10-30,TK00547
SV00449,AC0025,CSAT,3,Clear answer,2025-11-07,TK00652
SV00450,AC0078,CSAT,4,Still waiting,2026-05-04,TK02370
SV00451,AC0105,CSAT,4,Great help,2026-06-07,TK02722
SV00452,AC0030,CSAT,3,Great help,2026-08-22,TK03465
SV00453,AC0067,CSAT,3,Still waiting,2026-01-29,TK01439
SV00454,AC0105,CSAT,3,Helpful but issue remains,2026-03-15,TK01854
SV00455,AC0018,CSAT,2,Great help,2026-05-20,TK02540
SV00456,AC0014,CSAT,5,Still waiting,2026-04-29,TK02329
SV00457,AC0063,CSAT,3,Great help,2026-03-14,TK01845
SV00458,AC0088,CSAT,4,Still waiting,2025-09-01,TK00013
SV00459,AC0044,CSAT,5,Clear answer,2026-02-14,TK01585
SV00460,AC0132,CSAT,5,Still waiting,2025-12-13,TK01011
SV00461,AC0137,CSAT,5,Still waiting,2025-11-13,TK00733
SV00462,AC0021,CSAT,3,Still waiting,2026-07-08,TK03054
SV00463,AC0015,CSAT,3,Still waiting,2026-04-03,TK02064
SV00464,AC0146,CSAT,4,Still waiting,2026-04-19,TK02201
SV00465,AC0074,CSAT,3,,2026-07-22,TK03183
SV00466,AC0140,CSAT,4,Great help,2026-06-26,TK02941
SV00467,AC0088,CSAT,4,Still waiting,2026-05-29,TK02623
SV00468,AC0121,CSAT,4,Still waiting,2026-06-29,TK02974
SV00469,AC0121,CSAT,5,,2026-08-13,TK03395
SV00470,AC0088,CSAT,5,Great help,2026-05-04,TK02379
SV00471,AC0003,CSAT,3,Great help,2026-01-13,TK01303
SV00472,AC0020,CSAT,3,Slow resolution,2025-11-11,TK00702
SV00473,AC0117,CSAT,4,Clear answer,2025-11-10,TK00673
SV00474,AC0087,CSAT,5,Great help,2025-09-12,TK00100
SV00475,AC0047,CSAT,4,Still waiting,2026-08-08,TK03337
SV00476,AC0099,CSAT,4,,2026-03-05,TK01749
SV00477,AC0142,CSAT,3,,2025-11-08,TK00659
SV00478,AC0104,CSAT,4,Clear answer,2025-11-12,TK00721
SV00479,AC0117,CSAT,4,,2026-02-18,TK01628
SV00480,AC0130,CSAT,5,Great help,2026-06-24,TK02924
SV00481,AC0008,CSAT,5,Clear answer,2026-04-21,TK02218
SV00482,AC0085,CSAT,4,Clear answer,2026-07-13,TK03103
SV00483,AC0002,CSAT,5,Great help,2026-06-02,TK02654
SV00484,AC0130,CSAT,4,Clear answer,2025-11-03,TK00601
SV00485,AC0096,CSAT,4,Clear answer,2026-01-19,TK01348
SV00486,AC0057,CSAT,4,Slow resolution,2026-04-18,TK02190
SV00487,AC0085,CSAT,5,Slow resolution,2026-08-06,TK03324
SV00488,AC0132,CSAT,4,,2026-06-11,TK02782
SV00489,AC0131,CSAT,5,Still waiting,2026-06-20,TK02878
SV00490,AC0074,CSAT,4,,2026-04-02,TK02061
SV00491,AC0134,CSAT,4,Helpful but issue remains,2026-02-09,TK01532
SV00492,AC0137,CSAT,4,Clear answer,2025-10-01,TK00260
SV00493,AC0067,CSAT,4,,2026-08-12,TK03376
SV00494,AC0057,CSAT,3,Helpful but issue remains,2026-03-15,TK01855
SV00495,AC0056,CSAT,3,Still waiting,2025-11-27,TK00859
SV00496,AC0082,CSAT,4,Clear answer,2026-01-26,TK01413
SV00497,AC0090,CSAT,4,Still waiting,2026-01-18,TK01344
SV00498,AC0077,CSAT,5,Clear answer,2026-03-11,TK01810
SV00499,AC0020,CSAT,5,Helpful but issue remains,2026-04-04,TK02077
SV00500,AC0019,CSAT,4,Slow resolution,2026-04-30,TK02339
SV00501,AC0145,CSAT,4,Clear answer,2026-04-15,TK02165
SV00502,AC0068,CSAT,3,Still waiting,2026-05-21,TK02544
SV00503,AC0064,CSAT,4,Slow resolution,2026-03-28,TK02001
SV00504,AC0117,CSAT,3,Great help,2025-10-08,TK00315
SV00505,AC0086,CSAT,4,Clear answer,2025-12-14,TK01016
SV00506,AC0132,CSAT,3,Still waiting,2026-03-21,TK01927
SV00507,AC0105,CSAT,4,Still waiting,2026-07-25,TK03212
SV00508,AC0054,CSAT,4,Still waiting,2026-02-15,TK01597
SV00509,AC0150,CSAT,4,,2026-02-04,TK01484
SV00510,AC0046,CSAT,5,Helpful but issue remains,2026-04-09,TK02120
SV00511,AC0046,CSAT,5,,2026-06-23,TK02912
SV00512,AC0030,CSAT,2,Great help,2026-01-23,TK01382
SV00513,AC0131,CSAT,5,Still waiting,2026-08-03,TK03299
SV00514,AC0137,CSAT,5,Clear answer,2026-02-20,TK01643
SV00515,AC0105,CSAT,3,Helpful but issue remains,2026-02-27,TK01697
SV00516,AC0082,CSAT,3,Clear answer,2026-06-14,TK02819
SV00517,AC0114,CSAT,4,Clear answer,2025-12-16,TK01040
SV00518,AC0131,CSAT,3,Still waiting,2026-03-19,TK01902
SV00519,AC0092,CSAT,4,Clear answer,2026-01-04,TK01219
SV00520,AC0046,CSAT,5,Clear answer,2026-08-14,TK03398
SV00521,AC0113,CSAT,3,Great help,2025-11-02,TK00583
SV00522,AC0148,CSAT,4,,2025-11-26,TK00848
SV00523,AC0137,CSAT,4,,2026-07-16,TK03133
SV00524,AC0017,CSAT,3,Slow resolution,2026-02-27,TK01698
SV00525,AC0074,CSAT,5,Slow resolution,2026-01-10,TK01277
SV00526,AC0148,CSAT,3,Still waiting,2026-04-04,TK02075
SV00527,AC0141,CSAT,4,Still waiting,2025-12-25,TK01124
SV00528,AC0049,CSAT,4,Slow resolution,2026-01-15,TK01314
SV00529,AC0140,CSAT,4,Clear answer,2025-11-06,TK00639
SV00530,AC0099,CSAT,4,Great help,2025-10-27,TK00524
SV00531,AC0016,CSAT,5,,2025-09-25,TK00204
SV00532,AC0127,CSAT,4,Clear answer,2026-03-24,TK01950
SV00533,AC0025,CSAT,2,Clear answer,2025-12-12,TK01003
SV00534,AC0100,CSAT,5,Great help,2026-06-18,TK02865
SV00535,AC0073,CSAT,4,Helpful but issue remains,2025-11-05,TK00620
SV00536,AC0099,CSAT,5,Slow resolution,2026-07-22,TK03176
SV00537,AC0085,CSAT,4,Slow resolution,2026-05-20,TK02538
SV00538,AC0065,CSAT,5,Great help,2025-10-14,TK00373
SV00539,AC0058,CSAT,5,Slow resolution,2026-05-16,TK02499
SV00540,AC0050,CSAT,4,Great help,2025-12-20,TK01079
SV00541,AC0127,CSAT,4,Clear answer,2026-05-08,TK02408
SV00542,AC0074,CSAT,5,,2026-05-03,TK02367
SV00543,AC0132,CSAT,4,Clear answer,2026-05-09,TK02421
SV00544,AC0127,CSAT,1,Clear answer,2025-12-29,TK01167
SV00545,AC0138,CSAT,3,Helpful but issue remains,2026-05-15,TK02490
SV00546,AC0142,CSAT,5,Clear answer,2026-07-20,TK03162
SV00547,AC0100,CSAT,5,Helpful but issue remains,2026-04-22,TK02243
SV00548,AC0127,CSAT,4,,2026-08-08,TK03342
SV00549,AC0114,CSAT,2,,2026-06-01,TK02651
SV00550,AC0047,CSAT,3,,2026-05-26,TK02582
SV00551,AC0104,CSAT,4,,2026-08-14,TK03402
SV00552,AC0020,CSAT,5,,2025-09-27,TK00225
SV00553,AC0066,CSAT,5,,2026-01-09,TK01264
SV00554,AC0087,CSAT,5,Clear answer,2025-09-20,TK00173
SV00555,AC0072,CSAT,4,Helpful but issue remains,2026-06-07,TK02721
SV00556,AC0030,CSAT,4,Slow resolution,2025-09-13,TK00111
SV00557,AC0088,CSAT,4,Still waiting,2026-01-29,TK01431
SV00558,AC0085,CSAT,4,Slow resolution,2026-06-06,TK02709
SV00559,AC0051,CSAT,4,,2026-07-31,TK03270
SV00560,AC0119,CSAT,4,Clear answer,2026-03-29,TK02003
SV00561,AC0058,CSAT,5,,2025-09-30,TK00256
SV00562,AC0075,CSAT,4,,2026-06-05,TK02691
SV00563,AC0101,CSAT,5,Clear answer,2026-03-29,TK02004
SV00564,AC0144,CSAT,3,Great help,2026-01-17,TK01333
SV00565,AC0137,CSAT,3,Great help,2026-07-10,TK03071
SV00566,AC0064,CSAT,4,,2026-04-13,TK02147
SV00567,AC0027,CSAT,2,Still waiting,2026-03-08,TK01782
SV00568,AC0033,CSAT,5,,2026-05-28,TK02595
SV00569,AC0004,CSAT,5,Helpful but issue remains,2025-11-14,TK00747
SV00570,AC0088,CSAT,4,Clear answer,2026-02-16,TK01602
SV00571,AC0048,CSAT,4,,2026-06-03,TK02674
SV00572,AC0132,CSAT,3,Great help,2025-09-14,TK00119
SV00573,AC0039,CSAT,2,Great help,2026-02-07,TK01513
SV00574,AC0047,CSAT,4,,2026-05-10,TK02427
SV00575,AC0054,CSAT,4,,2026-06-04,TK02683
SV00576,AC0134,CSAT,4,Great help,2025-12-23,TK01114
SV00577,AC0058,CSAT,5,,2026-03-08,TK01785
SV00578,AC0021,CSAT,5,Helpful but issue remains,2025-09-01,TK00009
SV00579,AC0056,CSAT,4,,2026-08-16,TK03413
SV00580,AC0047,CSAT,3,Helpful but issue remains,2026-01-05,TK01223
SV00581,AC0093,CSAT,4,,2025-12-08,TK00963
SV00582,AC0061,CSAT,4,Great help,2026-06-27,TK02951
SV00583,AC0029,CSAT,3,,2026-01-28,TK01429
SV00584,AC0140,CSAT,4,Slow resolution,2026-08-14,TK03401
SV00585,AC0140,CSAT,3,,2026-01-03,TK01207
SV00586,AC0140,CSAT,3,Clear answer,2025-11-11,TK00706
SV00587,AC0101,CSAT,4,,2026-02-11,TK01551
SV00588,AC0018,CSAT,1,,2025-10-03,TK00276
SV00589,AC0075,CSAT,5,Clear answer,2026-07-02,TK03003
SV00590,AC0020,CSAT,4,,2026-02-28,TK01706
SV00591,AC0064,CSAT,3,Clear answer,2026-04-26,TK02287
SV00592,AC0117,CSAT,4,Helpful but issue remains,2025-10-19,TK00443
SV00593,AC0030,CSAT,3,Slow resolution,2026-02-07,TK01515
SV00594,AC0122,CSAT,4,Clear answer,2026-03-23,TK01941
SV00595,AC0144,CSAT,5,,2026-06-23,TK02911
SV00596,AC0065,CSAT,5,,2026-02-17,TK01620
SV00597,AC0028,CSAT,4,Slow resolution,2026-06-08,TK02745
SV00598,AC0114,CSAT,4,Great help,2026-07-05,TK03031
SV00599,AC0021,CSAT,3,Slow resolution,2026-07-29,TK03250
SV00600,AC0082,CSAT,4,Great help,2025-12-01,TK00898
SV00601,AC0091,CSAT,5,Still waiting,2026-05-22,TK02549
SV00602,AC0008,CSAT,5,Great help,2025-11-06,TK00641
SV00603,AC0103,CSAT,5,Slow resolution,2025-09-02,TK00025
SV00604,AC0067,CSAT,3,Helpful but issue remains,2026-02-05,TK01492
SV00605,AC0042,CSAT,4,,2025-09-07,TK00058
SV00606,AC0117,CSAT,3,Still waiting,2026-05-09,TK02424
SV00607,AC0107,CSAT,5,Helpful but issue remains,2025-09-23,TK00191
SV00608,AC0069,CSAT,4,Still waiting,2026-08-22,TK03468
SV00609,AC0122,CSAT,4,Helpful but issue remains,2025-11-10,TK00677
SV00610,AC0100,CSAT,4,,2026-05-18,TK02516
SV00611,AC0066,CSAT,2,Slow resolution,2025-10-24,TK00493
SV00612,AC0061,CSAT,4,Clear answer,2026-04-04,TK02073
SV00613,AC0047,CSAT,4,Slow resolution,2026-06-30,TK02993
SV00614,AC0105,CSAT,4,,2025-09-01,TK00003
SV00615,AC0049,CSAT,5,Still waiting,2026-06-15,TK02837
SV00616,AC0140,CSAT,4,Slow resolution,2026-08-21,TK03459
SV00617,AC0132,CSAT,3,Helpful but issue remains,2025-09-17,TK00142
SV00618,AC0044,CSAT,4,,2026-02-25,TK01687
SV00619,AC0120,CSAT,3,Helpful but issue remains,2026-03-23,TK01948
SV00620,AC0025,CSAT,3,,2025-11-04,TK00613
SV00621,AC0024,CSAT,4,,2026-04-08,TK02107
SV00622,AC0068,CSAT,4,Slow resolution,2026-03-10,TK01794
SV00623,AC0027,CSAT,4,Great help,2025-11-11,TK00688
SV00624,AC0100,CSAT,4,,2026-03-10,TK01808
SV00625,AC0061,CSAT,5,Great help,2026-05-28,TK02597
SV00626,AC0132,CSAT,5,Still waiting,2025-10-31,TK00569
SV00627,AC0139,CSAT,4,Clear answer,2026-01-31,TK01451
SV00628,AC0037,CSAT,4,Great help,2026-05-26,TK02585
SV00629,AC0061,CSAT,4,Slow resolution,2025-11-14,TK00740
SV00630,AC0100,CSAT,5,Clear answer,2026-05-22,TK02558
SV00631,AC0106,CSAT,4,Clear answer,2026-08-21,TK03452
SV00632,AC0095,CSAT,3,,2026-07-08,TK03050
SV00633,AC0101,CSAT,5,Helpful but issue remains,2026-08-19,TK03440
SV00634,AC0105,CSAT,5,Slow resolution,2025-11-30,TK00893
SV00635,AC0050,CSAT,4,Great help,2026-05-05,TK02383
SV00636,AC0047,CSAT,5,Still waiting,2025-12-17,TK01051
SV00637,AC0137,CSAT,4,Great help,2026-03-24,TK01956
SV00638,AC0132,CSAT,5,Still waiting,2025-12-19,TK01074
SV00639,AC0057,CSAT,4,Still waiting,2026-05-09,TK02423
SV00640,AC0058,CSAT,4,,2025-10-18,TK00427
SV00641,AC0117,CSAT,4,Helpful but issue remains,2026-03-18,TK01883
SV00642,AC0105,CSAT,5,Still waiting,2026-03-03,TK01734
SV00643,AC0037,CSAT,4,Clear answer,2026-06-12,TK02799
SV00644,AC0017,CSAT,2,Great help,2025-11-09,TK00671
SV00645,AC0100,CSAT,3,Still waiting,2026-05-17,TK02509
SV00646,AC0001,CSAT,5,,2025-11-28,TK00869
SV00647,AC0015,CSAT,4,Great help,2026-04-26,TK02289
SV00648,AC0116,CSAT,5,Helpful but issue remains,2025-12-20,TK01085
SV00649,AC0101,CSAT,2,Clear answer,2026-02-24,TK01672
SV00650,AC0059,CSAT,4,Helpful but issue remains,2025-10-18,TK00424
SV00651,AC0084,CSAT,5,Clear answer,2026-08-09,TK03354
SV00652,AC0052,CSAT,3,Clear answer,2025-11-01,TK00579
SV00653,AC0018,CSAT,3,Still waiting,2025-10-04,TK00279
SV00654,AC0001,CSAT,4,Helpful but issue remains,2025-09-18,TK00152
SV00655,AC0142,CSAT,3,Slow resolution,2025-10-14,TK00379
SV00656,AC0017,CSAT,5,Great help,2026-08-16,TK03411
SV00657,AC0090,CSAT,5,Helpful but issue remains,2026-03-02,TK01721
SV00658,AC0115,CSAT,3,,2025-11-11,TK00695
SV00659,AC0099,CSAT,5,Still waiting,2026-01-29,TK01433
SV00660,AC0148,CSAT,4,Still waiting,2026-07-19,TK03157
SV00661,AC0060,CSAT,3,Still waiting,2025-11-13,TK00728
SV00662,AC0148,CSAT,4,Helpful but issue remains,2025-10-15,TK00387
SV00663,AC0075,CSAT,4,Still waiting,2026-08-18,TK03425
SV00664,AC0081,CSAT,3,Still waiting,2026-04-05,TK02082
SV00665,AC0057,CSAT,5,Still waiting,2026-01-05,TK01226
SV00666,AC0003,CSAT,3,Still waiting,2026-05-09,TK02425
SV00667,AC0140,CSAT,5,,2026-06-18,TK02869
SV00668,AC0047,CSAT,3,Clear answer,2025-09-17,TK00143
SV00669,AC0117,CSAT,2,Great help,2026-06-11,TK02778
SV00670,AC0100,CSAT,5,,2026-06-01,TK02645
SV00671,AC0004,CSAT,4,Helpful but issue remains,2026-04-02,TK02055
SV00672,AC0085,CSAT,3,Clear answer,2025-10-20,TK00452
SV00673,AC0058,CSAT,2,Slow resolution,2025-12-29,TK01165
SV00674,AC0142,CSAT,2,Clear answer,2026-07-13,TK03105
SV00675,AC0114,CSAT,4,Still waiting,2026-06-28,TK02967
SV00676,AC0086,CSAT,3,Clear answer,2026-02-20,TK01644
SV00677,AC0117,CSAT,4,,2026-04-22,TK02237
SV00678,AC0138,CSAT,3,Great help,2026-01-13,TK01307
SV00679,AC0004,CSAT,5,Helpful but issue remains,2026-08-02,TK03285
SV00680,AC0121,CSAT,4,Clear answer,2026-05-13,TK02469
SV00681,AC0057,CSAT,2,Clear answer,2026-03-16,TK01876
SV00682,AC0094,CSAT,5,,2025-10-20,TK00457
SV00683,AC0023,CSAT,2,,2026-01-03,TK01210
SV00684,AC0015,CSAT,5,Great help,2026-06-09,TK02756
SV00685,AC0047,CSAT,3,Great help,2025-12-30,TK01172
SV00686,AC0132,CSAT,4,Slow resolution,2026-02-11,TK01548
SV00687,AC0113,CSAT,4,Helpful but issue remains,2026-05-18,TK02515
SV00688,AC0071,CSAT,4,Still waiting,2026-06-28,TK02964
SV00689,AC0140,CSAT,3,Clear answer,2026-05-08,TK02407
SV00690,AC0014,CSAT,4,,2026-06-29,TK02979
SV00691,AC0130,CSAT,2,Slow resolution,2026-08-09,TK03350
SV00692,AC0003,CSAT,3,Still waiting,2026-01-09,TK01268
SV00693,AC0057,CSAT,4,Great help,2026-01-16,TK01327
SV00694,AC0024,CSAT,5,Still waiting,2026-02-17,TK01612
SV00695,AC0115,CSAT,4,Still waiting,2025-09-04,TK00037
SV00696,AC0088,CSAT,4,Helpful but issue remains,2025-12-26,TK01136
SV00697,AC0057,CSAT,4,Slow resolution,2025-12-22,TK01103
SV00698,AC0134,CSAT,3,Great help,2025-11-11,TK00700
SV00699,AC0087,CSAT,4,Helpful but issue remains,2026-03-10,TK01796
SV00700,AC0060,CSAT,5,Slow resolution,2026-07-04,TK03023
SV00701,AC0106,CSAT,4,Slow resolution,2026-01-11,TK01285
SV00702,AC0107,CSAT,3,Clear answer,2026-07-19,TK03153
SV00703,AC0063,CSAT,4,Slow resolution,2026-03-30,TK02025
SV00704,AC0076,CSAT,4,Helpful but issue remains,2025-09-12,TK00101
SV00705,AC0060,CSAT,3,Clear answer,2026-07-04,TK03024
SV00706,AC0053,CSAT,3,Still waiting,2025-12-31,TK01184
SV00707,AC0030,CSAT,4,Clear answer,2026-07-22,TK03177
SV00708,AC0115,CSAT,2,Slow resolution,2026-04-04,TK02069
SV00709,AC0137,CSAT,5,Clear answer,2026-03-24,TK01960
SV00710,AC0003,CSAT,4,Clear answer,2026-07-09,TK03062
SV00711,AC0150,CSAT,4,Helpful but issue remains,2025-09-28,TK00244
SV00712,AC0042,CSAT,5,Still waiting,2025-10-17,TK00420
SV00713,AC0142,CSAT,5,Helpful but issue remains,2026-07-26,TK03219
SV00714,AC0021,CSAT,3,Clear answer,2026-07-11,TK03084
SV00715,AC0080,CSAT,5,,2026-02-06,TK01507
SV00716,AC0105,CSAT,5,Great help,2025-09-04,TK00038
SV00717,AC0101,CSAT,5,,2026-01-12,TK01292
SV00718,AC0025,CSAT,4,Clear answer,2026-08-17,TK03424
SV00719,AC0123,CSAT,4,Helpful but issue remains,2026-03-08,TK01784
SV00720,AC0101,CSAT,5,,2025-09-08,TK00072
SV00721,AC0074,CSAT,5,,2025-09-27,TK00227
SV00722,AC0101,CSAT,4,Great help,2026-05-27,TK02594
SV00723,AC0027,CSAT,4,Slow resolution,2025-11-09,TK00670
SV00724,AC0143,CSAT,3,,2026-04-04,TK02076
SV00725,AC0086,CSAT,3,Slow resolution,2026-06-29,TK02984
SV00726,AC0047,CSAT,5,Helpful but issue remains,2026-06-06,TK02713
SV00727,AC0004,CSAT,5,Helpful but issue remains,2025-12-01,TK00904
SV00728,AC0146,CSAT,4,Helpful but issue remains,2026-02-05,TK01497
SV00729,AC0061,CSAT,5,Slow resolution,2025-11-14,TK00735
SV00730,AC0132,CSAT,3,,2025-10-22,TK00469
SV00731,AC0047,CSAT,5,Great help,2025-12-20,TK01091
SV00732,AC0013,CSAT,5,Great help,2025-11-19,TK00790
SV00733,AC0017,CSAT,4,,2026-01-02,TK01204
SV00734,AC0066,CSAT,4,Helpful but issue remains,2026-03-26,TK01978
SV00735,AC0121,CSAT,5,,2026-06-11,TK02785
SV00736,AC0101,CSAT,4,Clear answer,2026-06-10,TK02772
SV00737,AC0125,CSAT,4,Slow resolution,2026-08-07,TK03327
SV00738,AC0033,CSAT,3,Great help,2026-06-22,TK02905
SV00739,AC0105,CSAT,5,,2025-11-17,TK00769
SV00740,AC0040,CSAT,3,Helpful but issue remains,2026-05-18,TK02521
SV00741,AC0117,CSAT,5,Helpful but issue remains,2026-03-24,TK01959
SV00742,AC0015,CSAT,4,Helpful but issue remains,2026-06-26,TK02942
SV00743,AC0141,CSAT,5,Still waiting,2026-08-27,TK03507
SV00744,AC0121,CSAT,5,Slow resolution,2026-05-07,TK02398
SV00745,AC0006,CSAT,5,Clear answer,2025-12-27,TK01145
SV00746,AC0023,CSAT,4,Still waiting,2026-05-06,TK02392
SV00747,AC0076,CSAT,3,,2026-07-15,TK03124
SV00748,AC0008,CSAT,5,Clear answer,2026-02-04,TK01482
SV00749,AC0144,CSAT,5,Great help,2026-05-19,TK02532
SV00750,AC0019,CSAT,4,Great help,2026-03-16,TK01875
SV00751,AC0049,CSAT,4,Helpful but issue remains,2025-12-16,TK01039
SV00752,AC0025,CSAT,5,Still waiting,2025-09-28,TK00242
SV00753,AC0028,CSAT,4,Clear answer,2026-06-12,TK02800
SV00754,AC0104,CSAT,5,Clear answer,2026-06-29,TK02980
SV00755,AC0092,CSAT,4,Slow resolution,2025-10-28,TK00527
SV00756,AC0147,CSAT,4,Great help,2025-11-12,TK00714
SV00757,AC0032,CSAT,5,Helpful but issue remains,2026-07-11,TK03082
SV00758,AC0067,CSAT,4,Great help,2025-11-21,TK00808
SV00759,AC0065,CSAT,5,,2025-11-14,TK00739
SV00760,AC0133,CSAT,4,Clear answer,2026-04-26,TK02291
SV00761,AC0134,CSAT,3,Slow resolution,2025-11-29,TK00872
SV00762,AC0134,CSAT,3,Slow resolution,2026-01-01,TK01196
SV00763,AC0047,CSAT,2,Helpful but issue remains,2026-01-23,TK01392
SV00764,AC0092,CSAT,5,,2026-02-10,TK01543
SV00765,AC0066,CSAT,3,Slow resolution,2026-05-25,TK02574
SV00766,AC0099,CSAT,5,Slow resolution,2025-11-16,TK00758
SV00767,AC0010,CSAT,4,Still waiting,2026-07-23,TK03193
SV00768,AC0124,CSAT,3,Still waiting,2025-10-18,TK00430
SV00769,AC0090,CSAT,5,Helpful but issue remains,2026-02-13,TK01565
SV00770,AC0057,CSAT,4,Still waiting,2026-07-23,TK03190
SV00771,AC0117,CSAT,4,Slow resolution,2026-06-07,TK02726
SV00772,AC0027,CSAT,5,Slow resolution,2025-10-01,TK00264
SV00773,AC0142,CSAT,5,,2026-06-30,TK02990
SV00774,AC0062,CSAT,4,,2026-08-20,TK03444
SV00775,AC0020,CSAT,5,Clear answer,2025-10-30,TK00548
SV00776,AC0066,CSAT,5,Slow resolution,2025-10-20,TK00455
SV00777,AC0058,CSAT,4,Slow resolution,2025-10-11,TK00339
SV00778,AC0138,CSAT,4,Slow resolution,2025-09-02,TK00027
SV00779,AC0008,CSAT,5,Helpful but issue remains,2026-03-29,TK02014
SV00780,AC0132,CSAT,5,Still waiting,2025-10-28,TK00537
SV00781,AC0120,CSAT,3,Slow resolution,2026-08-04,TK03302
SV00782,AC0037,CSAT,2,Slow resolution,2026-06-13,TK02810
SV00783,AC0101,CSAT,5,Clear answer,2026-03-12,TK01819
SV00784,AC0126,CSAT,5,Great help,2025-09-01,TK00001
SV00785,AC0129,CSAT,4,Great help,2026-05-22,TK02553
SV00786,AC0067,CSAT,3,Helpful but issue remains,2026-08-27,TK03505
SV00787,AC0137,CSAT,4,Great help,2025-10-16,TK00408
SV00788,AC0067,CSAT,4,Helpful but issue remains,2025-09-08,TK00061
SV00789,AC0046,CSAT,4,Still waiting,2025-09-13,TK00116
SV00790,AC0129,CSAT,5,Still waiting,2026-03-20,TK01919
SV00791,AC0086,CSAT,5,Still waiting,2025-11-01,TK00581
SV00792,AC0103,CSAT,5,Still waiting,2026-03-08,TK01786
SV00793,AC0064,CSAT,4,Great help,2026-04-21,TK02222
SV00794,AC0132,CSAT,5,Helpful but issue remains,2026-02-09,TK01534
SV00795,AC0045,CSAT,5,Slow resolution,2026-01-05,TK01227
SV00796,AC0100,CSAT,5,Helpful but issue remains,2025-11-15,TK00751
SV00797,AC0100,CSAT,5,Great help,2026-06-01,TK02647
SV00798,AC0044,CSAT,5,Slow resolution,2025-12-28,TK01154
SV00799,AC0015,CSAT,5,Slow resolution,2025-11-18,TK00774
SV00800,AC0114,CSAT,4,,2025-12-11,TK00992
SV00801,AC0057,CSAT,5,,2026-06-06,TK02705
SV00802,AC0065,CSAT,4,Great help,2026-05-02,TK02362
SV00803,AC0064,CSAT,4,Helpful but issue remains,2025-11-01,TK00578
SV00804,AC0081,CSAT,3,Still waiting,2026-07-17,TK03143
SV00805,AC0142,CSAT,4,Clear answer,2025-11-07,TK00644
SV00806,AC0134,CSAT,5,Slow resolution,2025-12-20,TK01087
SV00807,AC0073,CSAT,3,Still waiting,2026-06-01,TK02652
SV00808,AC0147,CSAT,5,,2026-06-02,TK02660
SV00809,AC0001,CSAT,5,,2026-04-25,TK02271
SV00810,AC0057,CSAT,4,Great help,2026-03-10,TK01807
SV00811,AC0075,CSAT,5,Clear answer,2026-03-10,TK01797
SV00812,AC0062,CSAT,5,,2026-05-22,TK02552
SV00813,AC0012,CSAT,3,Slow resolution,2025-11-27,TK00855
SV00814,AC0103,CSAT,4,Clear answer,2025-09-20,TK00171
SV00815,AC0137,CSAT,3,,2026-07-23,TK03191
SV00816,AC0005,CSAT,5,,2026-01-30,TK01442
SV00817,AC0015,CSAT,4,Clear answer,2026-08-21,TK03455
SV00818,AC0020,CSAT,5,,2026-03-31,TK02032
SV00819,AC0101,CSAT,4,Still waiting,2025-12-05,TK00936
SV00820,AC0105,CSAT,4,Great help,2025-09-26,TK00220
SV00821,AC0065,CSAT,3,Clear answer,2025-11-10,TK00675
SV00822,AC0065,CSAT,4,Slow resolution,2026-06-19,TK02873
SV00823,AC0021,CSAT,4,,2026-06-12,TK02788
SV00824,AC0011,CSAT,4,Still waiting,2026-03-27,TK01992
SV00825,AC0008,CSAT,3,Helpful but issue remains,2025-12-08,TK00962
SV00826,AC0021,CSAT,4,,2026-06-14,TK02820
SV00827,AC0137,CSAT,4,Helpful but issue remains,2026-05-22,TK02557
SV00828,AC0061,CSAT,3,Still waiting,2026-06-02,TK02667
SV00829,AC0121,CSAT,4,Great help,2026-04-13,TK02146
SV00830,AC0028,CSAT,3,,2026-01-06,TK01236
SV00831,AC0100,CSAT,5,Helpful but issue remains,2025-11-26,TK00846
SV00832,AC0074,CSAT,4,Helpful but issue remains,2026-03-09,TK01789
SV00833,AC0065,CSAT,4,Great help,2026-01-26,TK01415
SV00834,AC0088,CSAT,3,Great help,2026-04-19,TK02209
SV00835,AC0029,CSAT,5,Helpful but issue remains,2026-03-31,TK02041
SV00836,AC0121,CSAT,5,Still waiting,2026-01-22,TK01377
SV00837,AC0033,CSAT,5,Slow resolution,2025-12-01,TK00899
SV00838,AC0127,CSAT,4,Clear answer,2025-09-30,TK00254
SV00839,AC0017,CSAT,3,Great help,2026-07-02,TK03007
SV00840,AC0140,CSAT,4,,2025-09-01,TK00010
SV00841,AC0048,CSAT,5,,2026-01-16,TK01326
SV00842,AC0051,CSAT,3,Great help,2026-06-21,TK02888
SV00843,AC0139,CSAT,4,Still waiting,2026-02-08,TK01522
SV00844,AC0126,CSAT,5,Helpful but issue remains,2026-08-12,TK03386
SV00845,AC0148,CSAT,4,Slow resolution,2025-10-06,TK00296
SV00846,AC0095,CSAT,5,,2026-04-23,TK02254
SV00847,AC0061,CSAT,4,Great help,2025-09-07,TK00054
SV00848,AC0014,CSAT,4,Still waiting,2025-10-23,TK00477
SV00849,AC0065,CSAT,5,Still waiting,2025-10-10,TK00329
SV00850,AC0142,CSAT,2,Helpful but issue remains,2025-12-18,TK01059
SV00851,AC0068,CSAT,3,Still waiting,2026-01-12,TK01298
SV00852,AC0112,CSAT,5,Clear answer,2026-03-13,TK01833
SV00853,AC0085,CSAT,4,,2025-11-05,TK00616
SV00854,AC0062,CSAT,4,Still waiting,2025-11-25,TK00841
SV00855,AC0132,CSAT,3,Still waiting,2025-10-01,TK00271
SV00856,AC0137,CSAT,5,Slow resolution,2025-10-07,TK00302
SV00857,AC0067,CSAT,2,Great help,2025-10-13,TK00366
SV00858,AC0095,CSAT,5,Great help,2026-01-04,TK01217
SV00859,AC0075,CSAT,5,Still waiting,2026-03-01,TK01716
SV00860,AC0080,CSAT,3,Great help,2026-05-26,TK02586
SV00861,AC0046,CSAT,5,Slow resolution,2025-11-14,TK00745
SV00862,AC0092,CSAT,5,Slow resolution,2025-12-01,TK00896
SV00863,AC0099,CSAT,4,Slow resolution,2026-03-07,TK01771
SV00864,AC0061,CSAT,4,Still waiting,2026-03-16,TK01870
SV00865,AC0092,CSAT,4,,2026-06-14,TK02822
SV00866,AC0064,CSAT,5,Slow resolution,2026-08-15,TK03408
SV00867,AC0121,CSAT,3,Still waiting,2025-10-01,TK00263
SV00868,AC0006,CSAT,4,Great help,2026-06-28,TK02966
SV00869,AC0030,CSAT,4,Clear answer,2025-12-03,TK00922
SV00870,AC0048,CSAT,5,Still waiting,2026-05-29,TK02620
SV00871,AC0019,CSAT,4,Helpful but issue remains,2025-09-23,TK00192
SV00872,AC0033,CSAT,3,Still waiting,2025-12-20,TK01078
SV00873,AC0052,CSAT,3,Still waiting,2026-01-07,TK01239
SV00874,AC0053,CSAT,5,Great help,2026-05-09,TK02417
SV00875,AC0085,CSAT,3,Helpful but issue remains,2025-10-14,TK00375
SV00876,AC0086,CSAT,4,,2026-04-14,TK02159
SV00877,AC0046,CSAT,4,Helpful but issue remains,2026-02-10,TK01540
SV00878,AC0126,CSAT,4,Clear answer,2026-01-31,TK01456
SV00879,AC0047,CSAT,5,Helpful but issue remains,2025-10-05,TK00292
SV00880,AC0140,CSAT,2,Clear answer,2026-06-18,TK02863
SV00881,AC0020,CSAT,3,Still waiting,2025-11-05,TK00617
SV00882,AC0074,CSAT,5,Great help,2026-03-16,TK01864
SV00883,AC0021,CSAT,4,Slow resolution,2026-07-17,TK03136
SV00884,AC0138,CSAT,4,Slow resolution,2026-06-04,TK02684
SV00885,AC0021,CSAT,4,Helpful but issue remains,2026-01-08,TK01253
SV00886,AC0094,CSAT,5,Great help,2026-01-27,TK01424
SV00887,AC0127,CSAT,4,Great help,2025-11-25,TK00837
SV00888,AC0065,CSAT,5,Slow resolution,2026-01-24,TK01396
SV00889,AC0037,CSAT,4,Still waiting,2026-08-07,TK03334
SV00890,AC0018,CSAT,2,Still waiting,2026-02-10,TK01539
SV00891,AC0075,CSAT,2,Slow resolution,2025-12-20,TK01084
SV00892,AC0105,CSAT,2,Helpful but issue remains,2025-12-16,TK01041
SV00893,AC0100,CSAT,5,Slow resolution,2026-03-10,TK01800
SV00894,AC0033,CSAT,5,Slow resolution,2026-08-18,TK03429
SV00895,AC0061,CSAT,4,,2026-03-23,TK01943
SV00896,AC0124,CSAT,4,Slow resolution,2026-06-30,TK02986
SV00897,AC0008,CSAT,4,Clear answer,2026-05-12,TK02448
SV00898,AC0129,CSAT,5,Clear answer,2026-04-27,TK02298
SV00899,AC0046,CSAT,5,Great help,2026-08-16,TK03414
SV00900,AC0031,CSAT,4,Slow resolution,2025-12-25,TK01122
SV00901,AC0058,CSAT,5,Helpful but issue remains,2025-11-24,TK00833
SV00902,AC0117,CSAT,5,Great help,2025-09-21,TK00180
SV00903,AC0018,CSAT,4,Helpful but issue remains,2026-01-23,TK01380
SV00904,AC0087,CSAT,4,,2025-11-11,TK00691
SV00905,AC0150,CSAT,4,Clear answer,2026-06-29,TK02981
SV00906,AC0132,CSAT,4,,2025-10-22,TK00471
SV00907,AC0087,CSAT,5,Helpful but issue remains,2026-01-23,TK01390
SV00908,AC0137,CSAT,4,Helpful but issue remains,2026-02-24,TK01676
SV00909,AC0077,CSAT,5,Still waiting,2025-11-11,TK00705
SV00910,AC0119,CSAT,1,Helpful but issue remains,2026-04-02,TK02060
SV00911,AC0040,CSAT,5,,2025-10-24,TK00489
SV00912,AC0143,CSAT,3,Slow resolution,2026-04-14,TK02155
SV00913,AC0085,CSAT,5,Helpful but issue remains,2025-11-03,TK00603
SV00914,AC0142,CSAT,5,Slow resolution,2025-12-10,TK00982
SV00915,AC0133,CSAT,4,Slow resolution,2026-07-28,TK03246
SV00916,AC0025,CSAT,4,Great help,2026-02-08,TK01527
SV00917,AC0127,CSAT,4,Helpful but issue remains,2025-09-07,TK00052
SV00918,AC0049,CSAT,4,Slow resolution,2026-01-08,TK01252
SV00919,AC0098,CSAT,5,Helpful but issue remains,2026-05-21,TK02547
SV00920,AC0056,CSAT,4,Helpful but issue remains,2026-06-05,TK02697
SV00921,AC0149,CSAT,4,Helpful but issue remains,2026-05-26,TK02579
SV00922,AC0095,CSAT,4,Clear answer,2026-01-27,TK01421
SV00923,AC0127,CSAT,5,Clear answer,2025-12-27,TK01152
SV00924,AC0147,CSAT,3,Slow resolution,2025-09-08,TK00064
SV00925,AC0092,CSAT,5,Slow resolution,2025-11-17,TK00770
SV00926,AC0088,CSAT,5,Clear answer,2026-01-07,TK01241
SV00927,AC0047,CSAT,3,Great help,2026-08-10,TK03357
SV00928,AC0113,CSAT,5,Slow resolution,2026-07-02,TK03005
SV00929,AC0070,CSAT,4,Great help,2025-11-23,TK00820
SV00930,AC0088,CSAT,4,Helpful but issue remains,2025-11-19,TK00781
SV00931,AC0018,CSAT,3,,2026-05-07,TK02400
SV00932,AC0068,CSAT,5,Clear answer,2025-12-05,TK00934
SV00933,AC0057,CSAT,4,Helpful but issue remains,2026-04-27,TK02295
SV00934,AC0141,CSAT,5,Great help,2026-06-25,TK02934
SV00935,AC0087,CSAT,2,Slow resolution,2025-09-25,TK00211
SV00936,AC0132,CSAT,5,,2026-04-20,TK02216
SV00937,AC0018,CSAT,3,Still waiting,2025-11-15,TK00753
SV00938,AC0117,CSAT,4,,2026-01-09,TK01263
SV00939,AC0008,CSAT,4,Helpful but issue remains,2025-12-31,TK01182
SV00940,AC0117,CSAT,3,Still waiting,2026-08-09,TK03353
SV00941,AC0147,CSAT,4,Still waiting,2026-05-27,TK02589
SV00942,AC0005,CSAT,4,Slow resolution,2026-05-29,TK02622
SV00943,AC0106,CSAT,4,Slow resolution,2026-07-17,TK03146
SV00944,AC0054,CSAT,5,Clear answer,2026-03-25,TK01963
SV00945,AC0127,CSAT,5,Still waiting,2026-06-01,TK02646
SV00946,AC0050,CSAT,5,Still waiting,2026-03-10,TK01806
SV00947,AC0087,CSAT,5,Slow resolution,2026-02-07,TK01514
SV00948,AC0132,CSAT,3,Helpful but issue remains,2025-11-12,TK00717
SV00949,AC0068,CSAT,5,Clear answer,2026-03-02,TK01730
SV00950,AC0098,CSAT,3,Helpful but issue remains,2026-07-21,TK03167
SV00951,AC0124,CSAT,4,Helpful but issue remains,2026-05-20,TK02537
SV00952,AC0050,CSAT,4,Still waiting,2025-10-11,TK00340
SV00953,AC0084,CSAT,2,,2025-11-14,TK00736
SV00954,AC0047,CSAT,5,Clear answer,2026-03-03,TK01735
SV00955,AC0056,CSAT,4,,2026-05-28,TK02606
SV00956,AC0095,CSAT,3,Great help,2025-10-30,TK00551
SV00957,AC0122,CSAT,3,Great help,2025-10-27,TK00518
SV00958,AC0047,CSAT,3,Slow resolution,2026-01-10,TK01276
SV00959,AC0119,CSAT,5,Still waiting,2026-06-13,TK02809
SV00960,AC0046,CSAT,5,Clear answer,2026-04-17,TK02183
SV00961,AC0071,CSAT,4,Great help,2026-05-29,TK02618
SV00962,AC0030,CSAT,4,Slow resolution,2026-05-10,TK02428
SV00963,AC0142,CSAT,5,Slow resolution,2026-03-16,TK01871
SV00964,AC0099,CSAT,4,Helpful but issue remains,2026-04-25,TK02268
SV00965,AC0137,CSAT,4,Still waiting,2025-12-20,TK01096
SV00966,AC0088,CSAT,5,Clear answer,2026-04-13,TK02145
SV00967,AC0083,CSAT,4,,2026-07-19,TK03159
SV00968,AC0139,CSAT,4,Slow resolution,2026-04-21,TK02224
SV00969,AC0071,CSAT,3,Clear answer,2026-02-28,TK01708
SV00970,AC0101,CSAT,5,,2025-11-25,TK00843
SV00971,AC0117,CSAT,5,Clear answer,2026-01-21,TK01365
SV00972,AC0037,CSAT,3,Still waiting,2025-09-02,TK00021
SV00973,AC0149,CSAT,2,Clear answer,2026-04-24,TK02260
SV00974,AC0024,CSAT,5,,2025-11-29,TK00880
SV00975,AC0136,CSAT,1,Slow resolution,2025-12-30,TK01171
SV00976,AC0018,CSAT,3,,2026-02-09,TK01537
SV00977,AC0097,CSAT,3,Great help,2026-06-16,TK02839
SV00978,AC0121,CSAT,3,Great help,2025-11-19,TK00786
SV00979,AC0073,CSAT,5,Helpful but issue remains,2026-03-26,TK01983
SV00980,AC0059,CSAT,4,Clear answer,2025-11-28,TK00864
SV00981,AC0145,CSAT,4,,2026-03-31,TK02034
SV00982,AC0061,CSAT,4,Clear answer,2026-07-27,TK03227
SV00983,AC0061,CSAT,2,,2026-06-29,TK02982
SV00984,AC0105,CSAT,4,Clear answer,2025-10-12,TK00355
SV00985,AC0088,CSAT,4,Still waiting,2026-03-30,TK02016
SV00986,AC0080,CSAT,3,Clear answer,2026-07-29,TK03251
SV00987,AC0132,CSAT,5,Great help,2026-02-24,TK01675
SV00988,AC0024,CSAT,5,,2026-02-27,TK01701
SV00989,AC0065,CSAT,3,Great help,2026-01-07,TK01243
SV00990,AC0117,CSAT,5,Great help,2026-03-14,TK01846
SV00991,AC0047,CSAT,4,Slow resolution,2026-06-22,TK02904
SV00992,AC0013,CSAT,5,Great help,2026-07-23,TK03192
SV00993,AC0087,CSAT,1,Helpful but issue remains,2026-05-04,TK02377
SV00994,AC0135,CSAT,4,Great help,2025-12-31,TK01189
SV00995,AC0058,CSAT,5,Slow resolution,2026-05-15,TK02484
SV00996,AC0113,CSAT,5,,2025-11-13,TK00730
SV00997,AC0124,CSAT,5,Helpful but issue remains,2026-05-30,TK02624
SV00998,AC0054,CSAT,3,Great help,2025-09-07,TK00059
SV00999,AC0037,CSAT,4,,2026-04-08,TK02104
SV01000,AC0133,CSAT,4,Great help,2026-05-06,TK02390
SV01001,AC0024,CSAT,4,Still waiting,2026-04-26,TK02290
SV01002,AC0004,CSAT,4,Still waiting,2026-01-22,TK01376
SV01003,AC0088,CSAT,3,Slow resolution,2026-06-20,TK02880
SV01004,AC0007,CSAT,3,,2025-09-26,TK00215
SV01005,AC0117,CSAT,5,Helpful but issue remains,2026-01-01,TK01198
SV01006,AC0018,CSAT,5,,2026-07-05,TK03030
SV01007,AC0120,CSAT,3,Still waiting,2026-01-23,TK01391
SV01008,AC0117,CSAT,4,Slow resolution,2026-02-09,TK01529
SV01009,AC0013,CSAT,5,Still waiting,2026-03-14,TK01842
SV01010,AC0088,CSAT,4,Great help,2026-03-30,TK02015
SV01011,AC0065,CSAT,4,Still waiting,2026-06-07,TK02729
SV01012,AC0101,CSAT,3,Still waiting,2026-06-23,TK02915
SV01013,AC0030,CSAT,4,Helpful but issue remains,2026-02-21,TK01651
SV01014,AC0132,CSAT,4,Helpful but issue remains,2025-11-15,TK00750
SV01015,AC0106,CSAT,3,Slow resolution,2025-10-20,TK00454
SV01016,AC0058,CSAT,4,Still waiting,2026-06-13,TK02805
SV01017,AC0134,CSAT,5,Helpful but issue remains,2026-06-15,TK02836
SV01018,AC0098,CSAT,2,Great help,2026-04-23,TK02245
SV01019,AC0140,CSAT,3,Still waiting,2025-09-26,TK00214
SV01020,AC0123,CSAT,5,Clear answer,2026-02-07,TK01512
SV01021,AC0008,CSAT,4,,2025-09-28,TK00241
SV01022,AC0053,CSAT,4,Slow resolution,2026-07-18,TK03152
SV01023,AC0085,CSAT,5,Slow resolution,2025-10-12,TK00342
SV01024,AC0138,CSAT,4,Great help,2025-09-17,TK00148
SV01025,AC0062,CSAT,3,Slow resolution,2026-01-12,TK01299
SV01026,AC0132,CSAT,5,Slow resolution,2026-06-16,TK02846
SV01027,AC0008,CSAT,4,Helpful but issue remains,2026-06-07,TK02720
SV01028,AC0069,CSAT,3,,2026-08-17,TK03422
SV01029,AC0064,CSAT,4,Slow resolution,2026-01-17,TK01335
SV01030,AC0066,CSAT,3,Slow resolution,2025-10-20,TK00453
SV01031,AC0030,CSAT,5,,2026-02-16,TK01601
SV01032,AC0039,CSAT,3,Great help,2026-08-03,TK03294
SV01033,AC0058,CSAT,3,Still waiting,2025-09-23,TK00193
SV01034,AC0056,CSAT,4,Great help,2026-02-17,TK01610
SV01035,AC0078,CSAT,5,Great help,2026-04-01,TK02051
SV01036,AC0119,CSAT,5,Clear answer,2026-06-11,TK02784
SV01037,AC0129,CSAT,2,Slow resolution,2026-05-10,TK02434
SV01038,AC0010,CSAT,5,Still waiting,2025-11-06,TK00627
SV01039,AC0150,CSAT,4,,2026-06-17,TK02854
SV01040,AC0023,CSAT,5,Helpful but issue remains,2026-07-28,TK03239
SV01041,AC0130,CSAT,3,,2025-12-09,TK00975
SV01042,AC0041,CSAT,4,Great help,2026-02-09,TK01528
SV01043,AC0006,CSAT,3,Great help,2026-04-28,TK02313
SV01044,AC0018,CSAT,4,Helpful but issue remains,2025-09-18,TK00151
SV01045,AC0006,CSAT,4,Clear answer,2026-06-09,TK02749
SV01046,AC0029,CSAT,3,,2026-01-17,TK01328
SV01047,AC0140,CSAT,3,Helpful but issue remains,2026-08-11,TK03371
SV01048,AC0030,CSAT,2,,2026-05-13,TK02471
SV01049,AC0113,CSAT,5,Great help,2026-02-25,TK01683
SV01050,AC0103,CSAT,2,,2026-03-20,TK01916
SV01051,AC0141,CSAT,2,Clear answer,2025-10-23,TK00485
SV01052,AC0047,CSAT,4,,2026-06-11,TK02780
SV01053,AC0090,CSAT,3,Great help,2026-02-01,TK01460
SV01054,AC0105,CSAT,3,Helpful but issue remains,2025-12-25,TK01128
SV01055,AC0047,CSAT,4,Clear answer,2025-11-07,TK00650
SV01056,AC0057,CSAT,4,Clear answer,2026-03-30,TK02022
SV01057,AC0126,CSAT,4,,2026-07-27,TK03226
SV01058,AC0121,CSAT,4,,2026-05-12,TK02459
SV01059,AC0057,CSAT,4,Still waiting,2026-03-23,TK01939
SV01060,AC0021,CSAT,5,Slow resolution,2026-02-11,TK01550
SV01061,AC0065,CSAT,4,Still waiting,2026-03-07,TK01765
SV01062,AC0011,CSAT,5,Helpful but issue remains,2026-02-27,TK01696
SV01063,AC0056,CSAT,4,Still waiting,2026-07-27,TK03235
SV01064,AC0047,CSAT,3,,2025-12-06,TK00946
SV01065,AC0087,CSAT,5,Clear answer,2026-07-19,TK03155
SV01066,AC0104,CSAT,4,Slow resolution,2025-09-08,TK00073
SV01067,AC0146,CSAT,5,,2026-01-25,TK01407
SV01068,AC0031,CSAT,4,Still waiting,2026-05-11,TK02442
SV01069,AC0021,CSAT,4,Helpful but issue remains,2026-05-16,TK02500
SV01070,AC0064,CSAT,5,Great help,2026-03-30,TK02029
SV01071,AC0117,CSAT,4,,2025-11-16,TK00763
SV01072,AC0102,CSAT,4,,2025-09-11,TK00090
SV01073,AC0025,CSAT,4,,2026-07-16,TK03130
SV01074,AC0107,CSAT,4,Slow resolution,2026-01-16,TK01321
SV01075,AC0117,CSAT,4,Helpful but issue remains,2025-09-01,TK00018
SV01076,AC0095,CSAT,4,Still waiting,2026-07-29,TK03249
SV01077,AC0065,CSAT,3,,2025-11-21,TK00805
SV01078,AC0001,CSAT,4,Slow resolution,2026-04-19,TK02210
SV01079,AC0092,CSAT,2,Great help,2026-08-13,TK03392
SV01080,AC0034,CSAT,4,Still waiting,2026-04-07,TK02096
SV01081,AC0109,CSAT,3,Helpful but issue remains,2025-11-25,TK00839
SV01082,AC0042,CSAT,4,Slow resolution,2025-12-18,TK01058
SV01083,AC0047,CSAT,3,Helpful but issue remains,2025-11-28,TK00865
SV01084,AC0087,CSAT,1,Slow resolution,2026-03-09,TK01788
SV01085,AC0137,CSAT,4,Great help,2026-07-12,TK03092
SV01086,AC0006,CSAT,3,Great help,2025-10-06,TK00299
SV01087,AC0058,CSAT,4,Slow resolution,2026-06-17,TK02848
SV01088,AC0094,CSAT,5,Helpful but issue remains,2025-12-31,TK01180
SV01089,AC0144,CSAT,3,Helpful but issue remains,2026-05-23,TK02560
SV01090,AC0092,CSAT,3,Great help,2025-12-18,TK01062
SV01091,AC0085,CSAT,3,Clear answer,2025-12-15,TK01030
SV01092,AC0008,CSAT,5,,2026-08-26,TK03498
SV01093,AC0121,CSAT,5,,2026-04-18,TK02191
SV01094,AC0024,CSAT,5,Still waiting,2025-10-15,TK00399
SV01095,AC0094,CSAT,5,Still waiting,2026-05-13,TK02467
SV01096,AC0077,CSAT,4,,2026-03-04,TK01748
SV01097,AC0061,CSAT,3,,2026-01-13,TK01306
SV01098,AC0043,CSAT,5,Still waiting,2026-03-23,TK01940
SV01099,AC0088,CSAT,5,Slow resolution,2026-02-24,TK01679
SV01100,AC0003,CSAT,3,,2025-10-15,TK00396
SV01101,AC0048,NPS,7,,2026-05-18,
SV01102,AC0004,NPS,8,Reliable,2026-05-14,
SV01103,AC0032,NPS,8,Pricing concern,2026-07-30,
SV01104,AC0026,NPS,6,Good overall,2026-07-20,
SV01105,AC0016,NPS,9,Need faster support,2026-06-11,
SV01106,AC0119,NPS,9,Good overall,2026-07-27,
SV01107,AC0090,NPS,7,Pricing concern,2026-06-14,
SV01108,AC0007,NPS,8,Need faster support,2026-05-27,
SV01109,AC0104,NPS,7,Good overall,2026-06-13,
SV01110,AC0066,NPS,8,Pricing concern,2026-08-10,
SV01111,AC0089,NPS,10,,2026-05-26,
SV01112,AC0039,NPS,10,Need faster support,2026-06-08,
SV01113,AC0093,NPS,6,Good overall,2026-07-10,
SV01114,AC0054,NPS,7,Need faster support,2026-05-27,
SV01115,AC0141,NPS,9,More features needed,2026-08-08,
SV01116,AC0041,NPS,6,More features needed,2026-06-23,
SV01117,AC0073,NPS,6,Need faster support,2026-06-03,
SV01118,AC0136,NPS,4,Reliable,2026-05-09,
SV01119,AC0114,NPS,9,Good overall,2026-06-17,
SV01120,AC0043,NPS,5,Good overall,2026-05-08,
SV01121,AC0127,NPS,7,More features needed,2026-05-22,
SV01122,AC0113,NPS,6,,2026-05-08,
SV01123,AC0142,NPS,7,Need faster support,2026-08-01,
SV01124,AC0077,NPS,9,Need faster support,2026-07-02,
SV01125,AC0006,NPS,10,,2026-07-12,
SV01126,AC0110,NPS,7,,2026-06-24,
SV01127,AC0135,NPS,7,Reliable,2026-08-10,
SV01128,AC0068,NPS,9,Need faster support,2026-07-26,
SV01129,AC0058,NPS,10,Pricing concern,2026-06-02,
SV01130,AC0087,NPS,8,,2026-07-15,
SV01131,AC0015,NPS,8,,2026-07-28,
SV01132,AC0025,NPS,3,More features needed,2026-07-26,
SV01133,AC0140,NPS,10,Pricing concern,2026-06-01,
SV01134,AC0059,NPS,6,,2026-06-10,
SV01135,AC0009,NPS,9,Reliable,2026-07-20,
SV01136,AC0028,NPS,9,More features needed,2026-07-17,
SV01137,AC0078,NPS,7,Pricing concern,2026-06-20,
SV01138,AC0042,NPS,7,,2026-06-24,
SV01139,AC0112,NPS,9,,2026-08-06,
SV01140,AC0069,NPS,9,,2026-07-09,
SV01141,AC0129,NPS,10,,2026-06-16,
SV01142,AC0083,NPS,7,Good overall,2026-07-23,
SV01143,AC0023,NPS,10,Need faster support,2026-06-27,
SV01144,AC0018,NPS,8,Reliable,2026-07-12,
SV01145,AC0128,NPS,6,Pricing concern,2026-08-01,
SV01146,AC0052,NPS,10,Reliable,2026-05-15,
SV01147,AC0024,NPS,5,Need faster support,2026-06-26,
SV01148,AC0084,NPS,6,,2026-07-18,
SV01149,AC0143,NPS,9,Need faster support,2026-08-04,
SV01150,AC0085,NPS,6,Need faster support,2026-04-30,
SV01151,AC0046,NPS,4,More features needed,2026-06-12,
SV01152,AC0036,NPS,4,More features needed,2026-07-05,
SV01153,AC0102,NPS,6,Reliable,2026-05-10,
SV01154,AC0051,NPS,5,Pricing concern,2026-08-08,
SV01155,AC0074,NPS,7,,2026-05-02,
SV01156,AC0035,NPS,6,Good overall,2026-08-03,
SV01157,AC0137,NPS,8,,2026-06-22,
SV01158,AC0020,NPS,8,Need faster support,2026-05-28,
SV01159,AC0117,NPS,8,Good overall,2026-05-11,
SV01160,AC0097,NPS,6,Need faster support,2026-05-01,
SV01161,AC0005,NPS,8,Need faster support,2026-08-12,
SV01162,AC0013,NPS,10,Need faster support,2026-07-26,
SV01163,AC0144,NPS,10,Pricing concern,2026-06-15,
SV01164,AC0071,NPS,6,Need faster support,2026-07-16,
SV01165,AC0011,NPS,5,Reliable,2026-04-30,
SV01166,AC0012,NPS,10,Reliable,2026-07-29,
SV01167,AC0099,NPS,9,Good overall,2026-06-04,
SV01168,AC0138,NPS,6,Good overall,2026-05-24,
SV01169,AC0101,NPS,10,Reliable,2026-08-12,
SV01170,AC0010,NPS,5,More features needed,2026-08-10,
SV01171,AC0125,NPS,8,,2026-05-01,
SV01172,AC0096,NPS,4,,2026-05-02,
SV01173,AC0030,NPS,9,More features needed,2026-06-27,
SV01174,AC0040,NPS,4,Pricing concern,2026-05-10,
SV01175,AC0131,NPS,9,Good overall,2026-08-04,
SV01176,AC0118,NPS,6,Pricing concern,2026-05-28,
SV01177,AC0115,NPS,10,Reliable,2026-05-23,
SV01178,AC0100,NPS,6,Need faster support,2026-07-17,
SV01179,AC0060,NPS,8,Good overall,2026-07-18,
SV01180,AC0088,NPS,6,Pricing concern,2026-05-16,
SV01181,AC0045,NPS,5,Reliable,2026-07-12,
SV01182,AC0037,NPS,6,Pricing concern,2026-06-10,
SV01183,AC0116,NPS,10,More features needed,2026-07-09,
SV01184,AC0145,NPS,8,More features needed,2026-05-13,
SV01185,AC0053,NPS,5,Good overall,2026-04-30,
SV01186,AC0103,NPS,6,Reliable,2026-05-25,
SV01187,AC0062,NPS,7,Reliable,2026-06-06,
SV01188,AC0123,NPS,7,More features needed,2026-06-09,
SV01189,AC0031,NPS,9,Reliable,2026-06-23,
SV01190,AC0134,NPS,6,Good overall,2026-05-19,
SV01191,AC0150,CSAT,2,Still waiting for a fix,2026-08-26,TKNS001
SV01192,AC0150,NPS,8,Generally strong product,2026-05-29,
